Mot;Fréquence
transition écologique;339
production;128
métiers;101
compétences;96
stockage;89
enjeux;75
impact;75
matières premières;74
entreprises;71
énergétique;59
énergie;55
chaleur;55
plan;51
industrie;45
développement durable;43
capacité;42
véhicules;42
master;41
batteries;40
energy;37
consommation;36
for;34
all;34
sustainable;34
earth;34
déchets;33
émissions;33
fossiles;31
interne;29
matériaux;29
combustibles;29
process;28
branches;27
estimation;27
répondre;26
actions;26
table;26
modèle;25
entreprise;25
total;24
figure;24
ressources;24
formation;24
réduire;23
solaire;23
twh;23
enjeu;23
énergies;23
périmètre;22
formations;22
pompes;21
effectifs;21
sources;21
facteur;21
besoins;21
ensemble;20
mondiale;20
impacts;20
ges;20
techniques;20
qualité;20
eau;20
produits;20
gestion;20
requis;19
associés;19
développement;19
base;19
électrique;18
états;18
environnement;18
charge;18
flotte;18
hypothèses;18
analyse;18
haute;17
température;17
niveau;17
raffinage;17
éolienne;17
tw;17
certifications;17
coût;17
élevé;17
réduction;16
analyses;16
usines;16
économie;16
thermique;15
famille;15
solaires;15
réseau;15
utilisation;15
faible;15
macrocompétences;15
procédés;15
maîtriser;15
nickel;14
tesla;14
transmission;14
opco;14
technologies;14
capex;14
biodiversité;14
réponses;14
utilisations;13
nécessaire;13
carbone;13
logistique;13
transport;13
activité;13
horaire;13
équipements;13
renouvelables;13
achats;13
chauffage;13
recyclage;13
résultats;13
loi;13
fabrication;13
graphite;13
sols;13
effluents;13
supplémentaire;13
difficultés;13
électriques;12
éoliennes;12
risques;12
environnemental;12
industriels;12
france;12
industriel;12
processus;12
branche;12
également;12
gw;12
secteur;12
objectifs;12
entreprises vertes;12
optimisation;12
renforcer;11
salariés;11
transition ecologique;999
transition énergétique;999
transition energetique;999
énergies nouvelles;999
nouvelles énergies;999
énergies renouvelables;999
matieres premieres;999
enjeu environnemental;999
enjeux environnementaux;999
efioul;999
e-fioul;999
carburant de synthese;999
carburant de synthèse;999
biocarburant;999
bio-carburant;999
rechauffement climatique;999
voiture électrique;999
voitures électriques;999
véhicule électrique;999
véhicules électriques;999
pompe à chaleur;999
isolation du logement;999
biochar;999
éolienne en mer;999
éoliennes en mer;999
éolienne offshore;999
éoliennes offshore;999
hydrogène;999
consommation énergétique;999
sobriété énergétique;999
