Thème Énergétique,Niveau de controverse
"Énergie solaire, éolienne en France et dans le monde",2436
Interviews médias et déclarations de la ministre de l'industrie,2164
Emploi et dynamique économique,2028
Innovation dans le secteur de l'énergie,1956
Production d'énergie et transition énergétique,1382
Politique énergétique et environnementale,1221
Politique énergétique en Allemagne,1160
Recherche et développement dans l'industrie énergétique,1113
Énergie renouvelable et développement international,1080
"Énergie nucléaire, électricité et économie industrielle",824
Financement et développement public,822
Enjeux mondiaux et émissions de gaz à effet de serre,812
Actualités économiques et environnementales,728
Stratégies économiques et environnementales,589
Emploi et formation dans le secteur de l'énergie,202
