mots,fr√©quence d'apparition en Avril
nucl√©aire,34
ministre,28
france,27
√©lectrique,26
√©nergie,24
milliard,24
co2,21
√©mission,20
entreprise,17
r√©duire,17
penser,17
engager,16
allemand,16
d√©veloppement,15
solaire,15
atlanticofrarticledecrypt,15
mal,15
nouveau,14
euro,14
renouvelable,14
secteur,14
lallemagn,14
√©lectricit√©,13
production,13
grand,13
tonne,13
l√©nergie,13
voir,12
climatique,12
pouvoir,12
besoin,12
projet,12
√©olien,12
qu√©bec,12
atlanticofr,11
rdc,11
prendre,11
voiture,11
mondial,11
allemagne,11
politique,11
central,10
travail,10
financer,10
acc√©l√©rer,10
important,10
√©cologique,10
savoir,10
pannierrunacher,10
climat,9
vert,9
afrique,9
national,9
attendre,9
d√©fi,9
r√¥le,8
sant√©,8
m√©tal,8
acteur,8
sobri√©ter,8
industrie,8
emploi,8
rapport,8
faire,8
fossile,8
fran√ßais,7
continuer,7
strat√©gique,7
source,7
public,7
fin,7
enjeux,7
europ√©en,7
loi,7
temps,7
assurer,7
s√©curit√©,7
question,7
ressource,7
croissance,7
formation,7
solution,7
d√©nergie,7
agn√®s,7
charbon,7
prix,7
investissement,6
√©tude,6
soci√©t√©,6
durable,6
batterie,6
annoncer,6
leader,6
moment,6
parc,6
passer,6
transitionenergetiqu,6
hydrog√®ne,6
technologie,6
augmenter,6
terre,6
critique,6
gouvernement,6
p√©trol,6
√©conomie,6
offrir,6
cr√©er,6
r√©seau,6
chin,6
permettre,6
mati√®re,6
journ√©e,6
plan,6
financement,6
action,6
million,6
domaine,6
total,6
croire,6
site,6
appliquer,6
groupe,5
moyen,5
fond,5
d√©carboner,5
r√©alit√©,5
aller,5
lancer,5
eau,5
n√©cessaire,5
clair,5
√©nerg√©tique,5
premier,5
samedi,5
√©tape,5
v√©hicule,5
minist√®re,5
article,5
d√©faire,5
recherche,5
innovation,5
energetiqu,5
aider,5
local,5
long,5
mettre,5
international,5
soutenir,5
dire,5
souhaiter,5
pr√©sident,5
dynamique,5
baisser,5
r√©ussir,5
ville,5
monde,5
demain,5
donner,5
d√©bat,5
r√©sultat,5
d√©truire,5
r√©pondre,5
√©ducation,5
r√©serve,5
chose,5
agnesrunacher,5
consommation,5
industriel,5
majeur,5
contribuer,5
environnemental,5
vent,5
forcer,5
partie,5
investir,4
programm,4
vie,4
rd,4
produire,4
mort,4
falloir,4
tourner,4
subvention,4
alimenter,4
etat,4
cl√©,4
alternatif,4
probl√®me,4
finance,4
8h40,4
dette,4
d√©cennie,4
matthieurouault,4
principe,4
imp√©ratif,4
√©colo,4
√©l√©ment,4
montmarguerite,4
semaine,4
vrai,4
matinalewermc,4
ivg,4
utiliser,4
mod√®le,4
placer,4
revenir,4
lire,4
effort,4
centre,4
devenir,4
plan√®t,4
point,4
sert,4
cobalt,4
cadre,4
accompagner,4
adopter,4
justice,4
d√©velopper,4
ann√©e,4
covid,4
membre,4
concret,4
fort,4
transport,4
transformation,4
pr√©sente,4
r√©el,4
lundi,4
t√©l√©travail,4
√©dition,4
impact,4
producteur,4
diminuer,4
guerre,4
d√©carbonation,4
mr,4
compter,4
condition,4
soutien,4
partir,4
lindustrie,4
macron,4
oublier,4
l√©conomie,4
service,4
profit,4
engagement,4
r√©chauffemer,4
montr,3
√©tonnant,3
puissance,3
possibilit√©,3
gazier,3
vivre,3
demander,3
p√©trolier,3
avancer,3
rester,3
ch√®qu,3
aide,3
developpement,3
changer,3
investit,3
automobile,3
parti,3
venir,3
fondation,3
anti,3
arger,3
jusqu√†,3
heure,3
appel,3
vision,3
us,3
pouvon,3
chiffre,3
compte,3
gros,3
mat√©riau,3
esg,3
form,3
consister,3
quun,3
d√©fendre,3
c√©ter,3
comprendre,3
coup,3
peuple,3
trouver,3
das,3
nimport,3
agenda,3
construire,3
expliquer,3
√©volution,3
tricastin,3
attention,3
nont,3
raison,3
qualit√©,3
lance,3
l√©olien,3
tesla,3
crise,3
nom,3
sortir,3
twitter,3
probl√®m,3
faveur,3
japon,3
envoyer,3
respecter,3
logistique,3
√©galement,3
argent,3
minier,3
roue,3
lafriqu,3
lever,3
enjeu,3
fili√®re,3
discussion,3
taxe,3
construction,3
panel,3
antinucl√©aire,3
pr√©senter,3
chinois,3
comp√©tence,3
gagner,3
b√¢timent,3
maison,3
impossible,3
partenaire,3
petit,3
rapide,3
restriction,3
essentiel,3
priver,3
devoir,3
rivi√®re,3
fournir,3
maintenir,3
objectif,3
lavenir,3
energierenouvelabl,3
l√©lectrification,3
presque,3
accord,3
demploi,3
aujourdhui,3
m,3
energ√©tiqu,3
m√©dia,3
inflation,3
√©cole,3
tweet,3
futur,3
lithium,3
d√™tr,3
positif,3
sobri√©t√©,3
enfant,3
mobilis,3
finir,3
simple,3
rappeler,3
rencontre,3
renforcer,3
dernier,3
minist√®r,3
mauvais,3
partenariat,3
niveau,3
conna√Ætre,3
exclusif,3
hydro√©lectrique,3
thermique,3
r√©acteur,3
prospectif,3
terme,3
repr√©senter,3
davantage,3
territoire,3
jouer,3
linviter,3
daccord,3
mobilit√©,3
rmcinfo,3
maroc,3
√©crire,3
efficacit√©,3
marche,3
certainement,3
ministr,3
perdre,3
crucial,3
minerai,3
protection,3
prochain,3
conscience,3
d√©croissance,3
responsable,3
propri√©taire,3
consommer,3
bpifrance,3
stockage,3
incroyable,3
√©changer,3
congo,3
regarder,2
autour,2
concours,2
offshore,2
commandement,2
deuro,2
pro,2
chanter,2
livre,2
martyriser,2
ecofin,2
violer,2
femme,2
ecologie,2
ppe,2
mod√©liser,2
passage,2
espagne,2
√©quipe,2
√©conomique,2
travers,2
bilan,2
pareil,2
actif,2
r√©partition,2
expert,2
torturer,2
v√©ritable,2
assos,2
position,2
rassurer,2
constituer,2
biom√©thane,2
d√©rouler,2
correctement,2
lagriculture,2
graphique,2
cibl,2
rendement,2
textile,2
pire,2
humanit√©,2
crime,2
blague,2
taux,2
infrastructure,2
garantir,2
loccasion,2
conso,2
assoce,2
jour,2
structurer,2
servir,2
approche,2
thread,2
quen,2
donne,2
duranium,2
plaisir,2
cours,2
supprimer,2
avis,2
aupr√®s,2
adieu,2
pr√©tendre,2
tout,2
gauche,2
bloquer,2
giec,2
r√©seal,2
conseil,2
collaboration,2
ignorer,2
l√©tap,2
l√©lectricit√©,2
ue,2
ambitieux,2
qu√†,2
s√ªr,2
territoir,2
profiter,2
manquer,2
esprit,2
minimum,2
lenvironnement,2
d√©cisif,2
candidat,2
remplacement,2
lhydrog√®ne,2
anticiper,2
douloureux,2
lopinionfreconomietransit,2
pr√™t,2
porter,2
namibien,2
entier,2
rem√©dier,2
biden,2
infrastructur,2
travailler,2
lemondefreconomiearticle,2
municipalit√©,2
r√©form,2
r√©forme,2
marshall,2
logement,2
exp√©rience,2
inscrir,2
mai,2
visiter,2
r√©gion,2
lier,2
uranium,2
africain,2
urgence,2
tirer,2
p√©nurie,2
pousser,2
probl√©matique,2
r√©former,2
officiel,2
hei√üt,2
voix,2
injection,2
w√©,2
f√©d√©ral,2
village,2
le√ßon,2
senegal,2
information,2
banqu,2
√©tatsunis,2
mtedd,2
mine,2
d√©cider,2
limiter,2
cliquer,2
collectif,2
torpiller,2
retenir,2
nicht,2
digital,2
produit,2
mobiliteverte,2
combustible,2
ds,2
sortie,2
ensuite,2
midilibrefr20230412notr,2
10h11h,2
green,2
lnkdinefbvdu8v,2
transitionenerg√©tiqu,2
lien,2
d√©pendance,2
argument,2
baisse,2
juste,2
negawatt,2
d√©chet,2
veux,2
vue,2
programmation,2
lutilisation,2
limportance,2
imposer,2
mois,2
science,2
r√©gional,2
poursuivre,2
s√©rie,2
stade,2
frais,2
remplacer,2
rendre,2
chaud,2
bricolage,2
sol,2
conformit√©,2
adaptation,2
d√©cision,2
s√©ri,2
forme,2
expertise,2
partager,2
activit√©,2
fonds,2
critiquer,2
promouvoir,2
utile,2
base,2
cadr,2
quitter,2
directeur,2
phase,2
lengagement,2
freiner,2
p√©trole,2
peur,2
nuisance,2
cas,2
ras,2
moderniser,2
frgemininextgenerationho,2
kmh,2
√©conomiser,2
carburer,2
√©tablir,2
√©tablisson,2
logemer,2
abordable,2
fonctionnelle,2
disruption,2
shawinigan,2
fonctionne,2
fili√®r,2
continuit√©,2
lutte,2
l√©ducation,2
linvestissement,2
entendre,2
immobilien,2
etzel,2
entreposer,2
moteur,2
commercer,2
voitur,2
commercial,2
sauver,2
propre,2
sorte,2
165md,2
d√©ficit,2
participer,2
ocp,2
lobby,2
co√ªter,2
√©mergent,2
alimentaire,2
fatalit√©,2
final,2
p√¥le,2
cctt,2
techno,2
discours,2
laid,2
d√©fense,2
mineur,2
√©lectrification,2
court,2
peine,2
contraire,2
main,2
foirer,2
d√©penser,2
disponible,2
grid,2
pied,2
comp√©tent,2
levier,2
direction,2
idem,2
valider,2
retiendra,2
r√©volution,2
malheureusement,2
lexemple,2
faible,2
urbain,2
arr√™ter,2
moindre,2
publier,2
bitcoin,2
population,2
mandat,2
commencer,2
lib√©ral,2
installer,2
code,2
riche,2
blackrock,2
confort,2
√©clairer,2
plan√©taire,2
productier,2
pr05,2
fatshi13,2
coeur,2
agir,2
civil,2
dla,2
scientifique,2
transition√©nerg√©tiqu,2
joue,2
catalyseur,2
processu,2
exc,2
retraite,2
paquet,2
budget,2
cumul,2
reconna√Ætre,2
inscription,2
biogaz,2
message,2
poste,2
ivecobu,2
indiquer,2
massivement,2
marcher,2
conclusion,2
mondialisation,2
banque,2
mode,2
hashtag,2
roland,2
masse,2
dr√¥me,2
discour,2
uw12gnv,2
cursor,2
jean,2
acc√©l√©r√©,2
truc,2
bus,2
mission,2
concession,2
cotisant,2
courrierinternationalcomar,2
droit,2
potentiel,2
ambition,2
agn√®,2
mariage,2
celuici,2
ukrain,2
r√©gime,2
inciter,2
ratp,2
vouloir,2
visite,2
humain,2
organiser,2
edf,2
peut√™tre,2
p√©kin,2
chine,2
entrepreneur,2
incendiaire,2
propo,2
parfaitement,2
d√©lirant,2
d√©pense,2
structurel,2
dramatique,2
refuser,2
mondialiste,2
carbone,2
europ,2
relever,2
business,2
conduire,2
op√©ration,2
lenseignemer,2
massif,2
technique,2
commission,2
apprendre,2
rouler,2
traval,2
tenir,2
pari,2
cn,2
openc,2
mesure,2
arriver,2
tul,2
chantier,2
minist√®resou,2
russe,2
date,2
imprimer,2
vs,2
davoir,2
r√©duction,2
totalenergie,2
traitement,2
acc√©l√®r,2
hydrog√©ner,2
caisse,2
initiative,2
richesse,2
nature,2
min√©ral,2
dissident,2
sc√©nario,2
dailleur,2
casser,2
exiger,2
pourtant,2
encourager,2
nimporte,2
arr√™t,2
gouvernemental,2
dilapider,2
content,1
fragile,1
dense,1
r√©industrialisation,1
lorrain,1
pr√©voir,1
chr√©tienter,1
in√©dit,1
transfrontalier,1
somabrouk,1
effectivement,1
agglom√©ration,1
suite,1
d√©connecter,1
foi,1
airpollution,1
plastique,1
potasser,1
copain,1
r√©viser,1
jetable,1
langage,1
iaq,1
qai,1
bref,1
pollutionair,1
ifttt6vgmg19,1
courant,1
live,1
page,1
tourn,1
frconversation,1
theconversationcomlespre,1
crain,1
biais,1
pression,1
fatiguer,1
aga√ßant,1
senior,1
energynewsprogreenvoltren,1
russie,1
viendra,1
superphenix,1
stopper,1
energie,1
annee,1
raymond,1
domenech,1
65,1
g√©n√©rer,1
dinosaure,1
d√©composition,1
lentr,1
oublietter,1
greenvoltr,1
r√©agir,1
remporter,1
capacit√©,1
ench√®r,1
minuit,1
lanner,1
filiale,1
maxsolar,1
exceller,1
prosp√©riter,1
absent,1
zone,1
radical,1
dispo,1
annonce,1
requ√©rir,1
syst√®me,1
genr,1
nonsen,1
sinscrivent,1
positionnement,1
√©voquer,1
contrat,1
mondialement,1
fronti√®re,1
geoingenierie,1
audel√†,1
xdf99xd83cagnesrunacher,1
rentrer,1
fumeur,1
forc√©ment,1
lescur,1
gestiondeleau,1
lappauvrissement,1
respectueuse,1
dg,1
terrab,1
marquant,1
global,1
sommet,1
secblinken,1
recyclage,1
suffire,1
r√©f√©rence,1
mutuel,1
nouvelobscomopinions20230,1
dint√©r√™t,1
fouille,1
h√©ritage,1
linvit√©e,1
terresdeprogre,1
xdf99xd83c,1
exploit,1
s√®mentelle,1
discorde,1
googlalertsypns16,1
googlealert,1
haiti,1
tec,1
bilat√©ral,1
relation,1
lapprofondissement,1
13√®m,1
fructueux,1
mostafa,1
benmousser,1
chakib,1
cicatrice,1
soumettre,1
triple,1
vexer,1
pi√®g,1
adapt√©,1
pauvreter,1
conditionnalit√©,1
timing,1
dlvritsmslrp,1
contraindre,1
rc,1
hauss,1
brader,1
boite,1
h√¥pital,1
dapprovisionnement,1
garantit,1
largement,1
scandale,1
terrer,1
reconner,1
g7,1
socearuco,1
laisse,1
p√®r,1
benali,1
facile,1
leila,1
sauvage,1
ledevoircomopinionlibreo,1
pr√©sence,1
remarquer,1
alaoui,1
fettah,1
nadia,1
optique,1
larr√™t,1
fr,1
imagine,1
pipedvideowatchvvxrc2vwm,1
degypt,1
fighting,1
stigma,1
scaling,1
papa,1
bas,1
messe,1
jarrive,1
sp√©cial,1
jsuis,1
marrant,1
scolaire,1
ecocide,1
ghana,1
isabelle,1
conseilmel,1
guyhoquetapibotsiocontent,1
xdf0dxd83c,1
favoriser,1
acter,1
engagion,1
plan√®te,1
machen,1
l√§nder,1
die,1
aber,1
combinant,1
doux,1
√§hnlich,1
oder,1
multimodal,1
energy,1
energeticer,1
transizion,1
l√§ndern,1
anderen,1
den,1
daran,1
wahrscheinlich,1
lieg,1
importanc,1
d√©lib√©ration,1
rappell,1
n√©cessit√©,1
lepointfrpolitiqueaurore,1
iftttaji2ums,1
fran√ßaisfermez,1
d√©lectricit√©,1
p√©trolegaz,1
inacceptable,1
incomp√©tent,1
cons√©quence,1
drastique,1
victimisent,1
n√©cessit,1
dett,1
utopique,1
parfait,1
chaleur,1
xdca1xd83d,1
sophism,1
in√©vitable,1
radioactif,1
changement,1
domicil,1
ajouter,1
usage,1
threadavenir,1
pratique,1
mellill,1
solide,1
hub,1
souligner,1
charte,1
applivestormcope35702ec,1
convoiter,1
horizon,1
martin,1
in√©vitablement,1
3gw,1
lungg,1
texte,1
assembleenationalefrdyn1,1
cofondateur,1
deliverm,1
viser,1
city,1
ppl,1
assister,1
d√©pose,1
dapprovisionnemer,1
connaissance,1
lesrepublicain,1
sousestimer,1
simulation,1
acc√©der,1
sit,1
arrivez,1
suivezmoi,1
pc,1
dout√©,1
vaton,1
christoph,1
social,1
compton,1
r√©cemment,1
rccasmvyt,1
construir,1
alberta,1
agr√©able,1
barrage,1
remarqu,1
loin,1
d√©truisant,1
initial,1
rejoindre,1
webinaire,1
mat√©rialiser,1
toutsurgooglecomlithiuml,1
tarder,1
h√©lo√Øse,1
barbat,1
woods,1
bretton,1
institution,1
sudouestfrenvironnementcl,1
mat√©rial,1
fondateur,1
cosycoli,1
esp√©rer,1
bruxelle,1
quoublie,1
bateau,1
pipedvideoddewmgewkq,1
coqu,1
b√¢ti,1
r√©novation,1
collter,1
vid√©o,1
banquedesterr,1
primaire,1
villedegrer,1
xdd1dxd83eon,1
slacstanfordedunews2023,1
nocturne,1
obstacle,1
center,1
battery,1
diurne,1
slacstanford,1
torture,1
12x,1
d√©sindustrialisation,1
accentuent,1
r√©soudre,1
d√©sordre,1
nourritur,1
creus√©,1
11x,1
faison,1
lfi,1
eelv,1
d√©r√®glement,1
√©duquer,1
renodesterr,1
sortirdunucleaireorgtransi,1
repousser,1
sensible,1
atomique,1
sembler,1
euractivfrsectionenergi,1
rtschinfomonde13941799j,1
sortiedunucl√©air,1
l√¢che,1
vivement,1
energynewsprolallemagneso,1
historique,1
r√©ussie,1
xdcf7xd83dpour,1
temer,1
taille,1
xdce3xd83d,1
arriverai,1
acc√©l√©ration,1
d√©ploiemer,1
ecep51frladestructiondes,1
recycler,1
t√©coute,1
brasse,1
b√©n√©fique,1
flo,1
gueul,1
destructeur,1
simpliste,1
manier,1
usine,1
cigeo,1
emp√™chent,1
g√™ner,1
500,1
cepsa,1
professionnellement,1
g√©rer,1
landrafrance,1
biooil,1
connaissancedesenergiesorg,1
d√©lectriciter,1
sassocient,1
biocarburant,1
agriculture,1
energynewsprocepsaetbioo,1
fermer,1
naver,1
√©lev√©,1
tanzani,1
obnubiler,1
kakono,1
franchit,1
kakonohydropowerpler,1
tanzanie,1
energynewsproprojethydroe,1
demago,1
chinaafricayouthfestival,1
paysage,1
bardella,1
antivoiture,1
ralentir,1
dommage,1
rigoureux,1
analyse,1
r√©sister,1
nen,1
v√©riter,1
simaginent,1
biologique,1
complotiste,1
globalemer,1
combat,1
√©nerg√©tiquesans,1
faune,1
collapsollogue,1
voit,1
bol,1
danger,1
√©voqu,1
rem√®de,1
oligarque,1
pensent,1
m√©diocre,1
jeuness,1
agricole,1
flore,1
francai,1
manon,1
froid,1
villemombl,1
cl√¥ture,1
boire,1
energynewsprofrancesessio,1
energiesrenouvelable,1
lign,1
gw,1
doffre,1
dappel,1
session,1
l√©chec,1
tl,1
pantin,1
ridiculiser,1
protocole,1
d√©buter,1
climatisation,1
lobscurantism,1
dialogue,1
saventdedf,1
girouette,1
blanc,1
prise,1
pronuke,1
jessay,1
usb,1
bitly3aacbgo,1
dingo,1
cueillir,1
heureux,1
mani√®re,1
aamfagri,1
laurentfavreau,1
depvendee,1
paysdelaloir,1
boucle,1
cr√©ation,1
m√©thanisation,1
d√©v,1
vend√©e√©nergie,1
sem,1
sydev85,1
axe,1
vender,1
ùêÄùê´ùê≠ùê¢ùêúùê•ùêûen,1
mondafriquecomholocaustea,1
doctrine,1
pr√©valoir,1
gr√ºnen,1
v,1
daub,1
aimez,1
cadeau,1
ts,1
agrivolta√Øsm,1
tse,1
accompagnement,1
signature,1
pleuvoir,1
nez,1
meneur,1
vanter,1
accessible,1
lion,1
lionelectricco,1
lusin,1
linauguration,1
ravir,1
institutclimatiquecareport,1
cdnpoli,1
attendeegotowebinarcomreg,1
dinformation,1
d√©shabiller,1
√©cran,1
d√©plorer,1
porteparol,1
bloc,1
attend,1
chauffage,1
monprogrammepouragir,1
evasa,1
jagisavecengie,1
particuliersengiefrmonpr,1
sacrifier,1
engiepartfr,1
madagascar,1
excellent,1
laurentide,1
disponibilit√©,1
√©vent,1
dinfo,1
gramme,1
voyageur,1
bitly3muh70,1
mapactu,1
frle360maeconomietransit,1
exportation,1
vendredi,1
match,1
energynewsprominerauxcrit,1
√©loquent,1
proche,1
√©conomiquement,1
ensembl,1
√©tatsuni,1
leucommissionet,1
lefigarofrsocieteslacour,1
cesser,1
m√™ler,1
xdce2xd83d,1
lemployabilit√©,1
loffr,1
porteur,1
√©cout,1
importance,1
doxer,1
gazrenouvfrance,1
grdf,1
genou,1
l√©gard,1
profit√©,1
ticket,1
anaxago,1
entrepr√™teur,1
loge,1
cn38parrain,1
gratuitement,1
enerfip,1
essayent,1
jutilise,1
lacune,1
impressionnant,1
cmorancais,1
busratp,1
flotte,1
lensembl,1
mou,1
iledefrancemobilite,1
lnkdiner8qvknm,1
d√©laissemer,1
accaparement,1
iftttvqbs4dg,1
c≈ìur,1
acte,1
smart,1
net,1
importateur,1
d√©s√©quilibr√©,1
√©clater,1
nupe,1
ravage,1
progressisme,1
bonwokisme,1
trump,1
id√©alement,1
qatar,1
arabie,1
√©trange,1
ind√©pendant,1
taxer,1
redonner,1
menvoyer,1
h√©siter,1
dachat,1
stock,1
parrainer,1
cerveau,1
jutilis,1
plateforme,1
vide,1
escrologiste,1
pr√™tup,1
√©chapp√©,1
quune,1
mooc,1
lebourricotwordpresscom20,1
pr√©sent,1
dessin,1
responsabiliter,1
soigner,1
√©pid√©mie,1
vccin,1
fck,1
l√©volution,1
revaloriser,1
proposition,1
energynewspromaroclocpem,1
revenu,1
agriculteur,1
valorisation,1
30h32h,1
ocpgroup,1
fertilisant,1
phosphate,1
d√©tat,1
contribution,1
record,1
laustralie,1
r√©ellement,1
contredir,1
spiegeldewirtschaftservic,1
l√¢ge,1
gazdaujourdhuifrenvendee,1
khmer,1
fil,1
contrairement,1
video,1
suivre,1
actu,1
men,1
sucr,1
16h30,1
andreas,1
sondage,1
poser,1
l√©ger,1
r√ºdinger,1
prie,1
opportuniter,1
andreasrudinger,1
commun,1
lasean,1
prendra,1
ambassadeur,1
marocvcomlatransitionen,1
sec,1
reler,1
chercheur,1
liddra,1
marocnew,1
coordinateur,1
√©crir,1
dacc√®,1
engie,1
kiloacts,1
mobilise,1
citeq,1
cnete,1
ludc,1
ambassadeurtrice,1
√©lectrochimie,1
regroupement,1
escouade,1
sppschloisurlaprotecti,1
r√©sumer,1
decarboner,1
exclure,1
morocco,1
alhoceimer,1
do√π,1
zenonresearch,1
tangert√©touan,1
allemagn,1
curieux,1
croyance,1
multiplier,1
actuel,1
chemin,1
interview√©,1
polytechniqueinsightscomt,1
suive,1
r√™ver,1
invitent,1
rejet,1
digihub,1
kebetu,1
ceuxci,1
r√©seautage,1
gagnant,1
traver,1
organisme,1
xnreprsentantseebe,1
coll√©gial,1
chercheursse,1
r√©unir,1
congr√®s,1
am√©ricain,1
tourne,1
fmi,1
√©v√©nement,1
rse,1
compact,1
mc,1
inclure,1
avancement,1
consacrer,1
vte,1
valler,1
mcc,1
zonedinnovation,1
s√©n√©gal,1
deelv,1
soidiser,1
sudam√©ricain,1
emberclimateorginsightsr,1
d√¢ge,1
philosophie,1
correspondre,1
difficile,1
d√©lirement,1
berlin,1
ball,1
tire,1
id√©ologie,1
yep,1
marr√™terai,1
f24my9q6e,1
lintersyndical,1
dixit,1
lindustri,1
synth√®se,1
dopposition,1
manicheisme,1
labu,1
douce,1
deau,1
m3,1
troqu,1
neige,1
gr√™le,1
emberclimat,1
retard,1
exploit√©,1
provenir,1
maladie,1
lutteron,1
n√©cessairement,1
foir,1
cycle,1
kilom√®tre,1
150gco2,1
l√©lec,1
carboner,1
√©lectrifier,1
inconv√©nient,1
avantage,1
aubry,1
bochum,1
luniversit√©,1
buffly3n0pvgz,1
d√©thiqu,1
professeur,1
steigleder,1
klau,1
200928ce,1
directif,1
rentier,1
bouger,1
obliger,1
stocker,1
l√©v√®nement,1
nul,1
naurer,1
n√©gocier,1
semain,1
douche,1
machin,1
complexifier,1
bertrand,1
compatible,1
norme,1
alessandrini,1
g√©n√©ral,1
epr,1
pleinement,1
siemen,1
semainedel√©conomievert,1
d√©mesur√©,1
flottant,1
gaspillage,1
emr,1
polluant,1
salon,1
simc,1
produite,1
perspectif,1
casablabca,1
africa,1
mininig,1
pr√©sidenc,1
lint√©r√™t,1
excellence,1
julien,1
xdcc3xd83d,1
h2quen,1
unit√©,1
d√©marr,1
norv√®g,1
lomi,1
litt√©rature,1
rienlisez,1
vraisemblablement,1
truffevous,1
pauvre,1
administration,1
prosepection,1
fr√©d√©ric,1
vien,1
vaut,1
reconstituer,1
steak,1
merd,1
poulet,1
d√©tient,1
lhomm,1
kahongya,1
paluku,1
moncany,1
cadex,1
menaraholding,1
lnkdinenzgdhia,1
universit√©,1
nergica,1
coalia,1
ceprocq,1
innover,1
institut,1
toulous,1
√©v√®nement,1
mauricie,1
desjardin,1
r√©seaumc,1
11h,1
critm,1
lycer,1
h√¥telier,1
dinnovation,1
d√©l√©guer,1
professionnel,1
prima,1
innov√©√©,1
rwandaiskilling,1
commanditaire,1
diffuser,1
citeqcajourneerecherchea,1
consulter,1
√©cotech,1
uqtr,1
lescure,1
sinscrit,1
socialesde,1
reveillezvou,1
intelligent,1
contributionmai,1
pension,1
mmmmm,1
defficacit√©,1
pb,1
lourd,1
arm√©e,1
tol√®re,1
f√¢cher,1
lenergiewend,1
fonction,1
titre,1
acheter,1
d√©carbone,1
publiquesde,1
louche,1
mesurer,1
latmosph√®re,1
roulon,1
synchrone,1
prestation,1
meie,1
troisrivi√®re,1
magistral,1
mardi,1
pertinence,1
phare,1
dresser,1
opportunit√©,1
francetvinfofrsocietenucl,1
grandfoutagedegueul,1
affirm,1
d√©bit,1
d√©pendant,1
m√©canisme,1
travaillon,1
dinviter,1
baiss,1
masturb,1
amazon,1
r√©cup√©rer,1
dici,1
revendre,1
distribution,1
sp√©cialiste,1
lenergeekcom20230323di,1
union,1
th√©oriquement,1
vise,1
souverainet√©,1
interroger,1
finaliser,1
autorit√©,1
aval,1
obtenir,1
principal,1
lexclusivit√©,1
propos,1
sonomotors,1
kinshasa,1
semainefran√ßais,1
image,1
f√©licitation,1
sinc√®re,1
tinyurlcom2xsslrdt,1
cool,1
p√©dagogique,1
k√©vin,1
valoir,1
prometteur,1
introduction,1
sev,1
m√®r,1
lejournalcnrsfrarticlesn,1
bours,1
convainc,1
v√©hicul,1
propulsion,1
linstant,1
placement,1
typ,1
regroupe,1
nombre,1
gigantesque,1
mann,1
battre,1
moulin,1
lencontr,1
leyen,1
potentielsa,1
sceller,1
privation,1
larbin,1
photovolta√Øque,1
sp√©culateur,1
svp,1
fruit,1
ind√©pender,1
pr√©ciser,1
r√©armemer,1
lotan,1
ressuscit√©,1
loccident,1
sup√©riorit√©,1
yorarien,1
capitalisme,1
jentend,1
carburant,1
dhydrog√®n,1
meet,1
thatsmyjob,1
commercialisation,1
apportant,1
puisquil,1
agenceecofincommetaux0304,1
bad,1
industrialisation,1
stimuler,1
adoption,1
vaccin,1
gr√®ce,1
der,1
censurer,1
von,1
finito,1
europe,1
lencontre,1
daller,1
quasiment,1
ach√®t,1
contr√¥ler,1
√©norme,1
r√©chauffement,1
entropique,1
c√¥t√©,1
opiner,1
consort,1
reseauinternationalnetmacr,1
youtub,1
pkoi,1
consensus,1
faux,1
d√©cr√©ter,1
va,1
pressegaucheorgassurerla,1
avenir,1
legault,1
fran√ßois,1
populaire,1
majorit√©,1
autonomie,1
parl√©,1
l√©gislationle,1
terrorism,1
pol,1
technologique,1
davanc√©e,1
r√©gal,1
fascinant,1
visiblement,1
lautonomie,1
grandeur,1
ordre,1
arroseur,1
acast,1
playacastcoms5fafe08bfa6,1
bigo,1
aur√©lien,1
gard,1
courbe,1
manette,1
chapeal,1
daronn,1
jet,1
d√©placement,1
journaliste,1
couper,1
fossilegnl,1
vite,1
retirer,1
cdpq,1
√©coanxieuxd√©j√†,1
dautr,1
consid√©rer,1
consid√©rable,1
saitil,1
lejdd,1
americain,1
l√©chell,1
annuel,1
dollar,1
mds,1
dobtenir,1
confirmer,1
diplomatie,1
chef,1
lancien,1
johnkerry,1
exclu,1
itw,1
dimanche,1
labsence,1
varmatincomeconomiepourl,1
maritime,1
alpes,1
territorial,1
montuell,1
xavier,1
bel,1
quenouille,1
limmobilier,1
webissimodeveloppementdura,1
d√©cortiquer,1
quid,1
absence,1
quelquechose,1
pipedvideowatchvfimes5,1
croissancel,1
blue,1
menace,1
ts√©,1
terrestre,1
magn√©tique,1
champ,1
faiblissemer,1
linqui√©ter,1
mazout,1
propan,1
affect√©,1
lnkdineqgu7hst,1
ifremer,1
invest,1
slb,1
panne,1
dinnovateur,1
issu,1
d√©couvrir,1
superbe,1
agenceecofincomgestionpub,1
amazonfrdixcommandement,1
philippe,1
charler,1
amazonfr,1
super,1
gae,1
payer,1
congolais,1
soucier,1
poil,1
passion,1
int√®gre,1
g√©n√©rateur,1
gazog√®n,1
auto,1
indignit√©,1
ancien,1
fabuleux,1
bitly3mfnxyi,1
myst√®re,1
voil,1
l√®v,1
larreur,1
charleshenri,1
auteur,1
ellipse,1
pann,1
absolu,1
x2,1
louange,1
pourrir,1
sophisme,1
victor,1
dr√¥le,1
preservation,1
leducation,1
datteindre,1
lobjectif,1
10annoncer,1
gouvqc,1
peutell,1
rebellion,1
arri√®re,1
alterner,1
jeunesvertsong,1
amisdelaterre,1
adttogo,1
societecivilemediascom2023,1
osc,1
togo,1
ami,1
ong,1
orientationenvironnementfr,1
lyon,1
alternance,1
hf,1
charger,1
recrutement,1
pietracap,1
cig√©o,1
pv,1
top,1
l√©gend,1
irrationnel,1
mis√®r,1
famille,1
ant√©rieurement,1
tromper,1
lleparisienfrc2th,1
lleparisienfrtvof,1
lleparisienfrntlb,1
directive,1
lh√¥tel,1
san,1
fonder,1
b≈ìufs,1
prime,1
terrorisme,1
durgence,1
garantie,1
autonomer,1
tranquille,1
fleuve,1
disclosengofrarticlepetr,1
magiehun,1
lap√¥tre,1
voyez,1
vouledz,1
meuf,1
charrue,1
martino,1
d√©sastr,1
bunker,1
course,1
processus,1
v√©lo,1
solairethermiqu,1
urlzfrl94,1
qu√¨,1
scopr,1
d√†,1
d√©marche,1
lota,1
di,1
motif,1
truy√®re,1
transparence,1
pr,1
damn√©,1
reportage,1
pardi,1
payent,1
dison,1
l√†ba,1
type,1
choisir,1
probabilit√©,1
op√©rer,1
extr√™me,1
osciller,1
veiller,1
biodiversit√©,1
francetvfrance2envoyesp,1
d√©triment,1
montagn,1
for√™t,1
lon,1
bosengeet,1
christian,1
tabassage,1
gims,1
fally,1
clash,1
congoliter,1
artificiel,1
lintelligence,1
envoyespecial,1
leolienn,1
existant,1
golf,1
bienvenu,1
transhumanisme,1
√©lectronique,1
monnaie,1
reset,1
davos,1
lagenda,1
int√©grant,1
logique,1
d√©truir,1
lhydro,1
dangereux,1
jeu,1
exister,1
fortement,1
iphon,1
receler,1
d√©mocratique,1
r√©publique,1
mensonge,1
senrichir,1
corrompu,1
politicien,1
d√©figurer,1
90kmsh,1
souffl,1
pleine,1
impr√©visible,1
dactivit√©,1
vi,1
extinction,1
montrer,1
instant,1
n√©cessiter,1
respectable,1
entreprendre,1
coqvert,1
banqueduclimat,1
outil,1
bo√Æte,1
magnifique,1
joure,1
entrepreneuse,1
lexempl,1
ventent,1
bitly3kawniu,1
inutile,1
r√©alisation,1
mcs,1
pseudo√©cologist,1
hyst√©rique,1
lid√©ologie,1
animal,1
d√©range,1
ligne,1
larriver,1
laonnoi,1
gnv,1
gx337,1
heuliezbu,1
noir,1
disparition,1
laon,1
m√©langer,1
militant,1
garder,1
alice,1
d√©t√©riorer,1
temp√™te,1
camp,1
foutron,1
√©co,1
panneau,1
d√©olienn,1
foret,1
b√©tonner,1
volont√©,1
iciradiocanadacanouvell,1
consid√©rablement,1
ambigu√Øter,1
nourrir,1
enclencher,1
profonde,1
racine,1
attaquent,1
ottawer,1
gonfle,1
nain,1
schumpeterienne,1
cr√©ateur,1
destruction,1
vertu,1
r√©ception,1
davo,1
intelliger,1
nef,1
√©cologie,1
suv,1
ee,1
board,1
zadiste,1
r√©thorique,1
l√©tatism,1
pognon,1
greenwashing,1
noter,1
repsol,1
shell,1
classe,1
bloomberg,1
num√©rique,1
bpifrancefrnosevenement,1
louper,1
anneguerin,1
actufrplaneteenergies110,1
d√©tail,1
mivilude,1
quils,1
honn√™tement,1
medias24com20230403taqa,1
lavantage,1
nousm√™me,1
habitant,1
md,1
devient,1
capacit√©dadaptation,1
fameux,1
bougeon,1
racaille,1
quartier,1
galonet,1
sai,1
tun,1
paix,1
achev√©,1
superpuissance,1
remorqu,1
arabe,1
mond,1
si√®cle,1
rapidement,1
lesoirbearchived20230403,1
analyseespritdesynth√®se,1
personnel,1
manqu,1
vacant,1
biognv,1
r√©trofit,1
doccasion,1
opter,1
transvillesinfo,1
lhistoire,1
lhistoir,1
myjobcompany,1
myjobcompanyfroffresempl,1
sensdesresponsabilit√©,1
reviendra,1
cndp,1
fortiori,1
externalit√©,1
√©lect,1
sagit,1
milliardsbrefil,1
co2qu,1
subside,1
subventionslue,1
act,1
user,1
riacanadacafrmagazineun,1
lexclusion,1
examiner,1
investisseur,1
n√©gatif,1
industrier,1
producteurpeutell,1
sappuie,1
embl√©matique,1
histoire,1
juin,1
d√©barquement,1
m√©moir,1
r√©aliser,1
marque,1
retrouver,1
tactique,1
diversit√©,1
respect,1
attacher,1
rdcpay,1
rendezvou,1
√©laboration,1
bwasexo,1
lhypoth√®s,1
programme,1
table,1
lactuel,1
savai,1
linexistence,1
largument,1
lademe,1
retoquer,1
borisravignon,1
libreexpresscom454atelie,1
benindiplomati,1
beninretweet,1
presidencebenin,1
cemexpert,1
ortbinfo,1
patricetalonpr,1
gouvbenin,1
jeuneafriqu,1
societe,1
wasexo,1
rural,1
lenergie,1
benin,1
i4ce,1
t,1
fondse5,1
industriefrance,1
≈ìuvre,1
autoorganiser,1
instantaner,1
remerciement,1
int√©r√™t,1
namibie,1
angoler,1
horizonnewsnetindexphpa,1
p√©riode,1
valoriser,1
lafdfrance,1
jeune,1
dexcellence,1
tanger,1
m√©tier,1
ifmere,1
l√©quipe,1
xdfe2xd83d,1
langola,1
lnkdineezuuzhm,1
acfer,1
pluridisciplinaire,1
carboneutralit√©,1
complexiter,1
colloqu,1
noubliez,1
frfriendsagainstwindorg,1
dissoute,1
vatell,1
ing√©rence,1
lofate,1
dlvritsmkyqw,1
croissant,1
march√©,1
concerner,1
charge,1
travailleur,1
vmtiktokcomzmyga691k,1
tiktok,1
d√©truisent,1
sect,1
gourou,1
lemprise,1
tomber,1
dirigeant,1
francetvinfofrreplaymagaz,1
lecouragedagir,1
instigateur,1
massongex,1
richard,1
√©change,1
gwena√´l,1
communal,1
conseiller,1
davancer,1
recette,1
intercommunal,1
lagence,1
dominer,1
mer,1
haute,1
diamant,1
exploitation,1
coop√©ration,1
lucide,1
subir,1
sortonslegazcomgreenpeace,1
con,1
id√©e,1
5gw,1
mw,1
16gw,1
lepr,1
latome,1
transitionner,1
souverain,1
dogmatism,1
buffly41p7hn1,1
insead,1
corporateknight,1
capitalinvestissemer,1
pseudo,1
l√©gion,1
sinistr√©,1
chaufferette,1
walgov,1
inondation,1
variant,1
inclusif,1
banquemondial,1
d√©l√©gation,1
mauritanie,1
productif,1
economique,1
affaire,1
kan,1
recevoir,1
fiasco,1
ousman,1
portail,1
violent,1
manifestation,1
gu√®re,1
comprend,1
per√ßoi,1
pardonner,1
quotidien,1
recours,1
fini,1
s√©curiser,1
elec,1
simulateur,1
d√©dier,1
asp,1
r√©f√©rencer,1
ecoactumaaucunebaisseven,1
dincitation,1
original,1
onee,1
potable,1
leau,1
lelectricit√©,1
loffic,1
communiquer,1
novembr,1
opinion,1
former,1
lecteur,1
mamadou,1
censur√©e,1
fa√ßon,1
blablabla,1
causalit√©correlation,1
rapporter,1
faiblement,1
compl√®tement,1
entra√Æner,1
accentuer,1
occuper,1
lalimentation,1
astronomique,1
saturer,1
vertueux,1
ls,1
gloubiboulga,1
eycanada,1
douteux,1
goeycom3mrpwee,1
electricautonmy,1
ganowski,1
sara,1
canader,1
utilisation,1
accro√Ætre,1
client,1
axer,1
milliardsan,1
√©quipement,1
m√©nage,1
incapable,1
d√©crire,1
lin√©quit√©,1
quasi,1
contextetransp,1
mur,1
fracass,1
narratif,1
sujet,1
aujourdhuimaeconomietrans,1
cit√©,1
changemer,1
sahel,1
ramayad,1
atlanticcouncil,1
d√©partemer,1
nommer,1
washington,1
briefing,1
entre,1
extraire,1
buffly41nmh9w,1
suspendre,1
lpec,1
√©nergieclimat,1
commentaire,1
hauteur,1
owlygixt30susna,1
contexte,1
lesaffairescomstrategied,1
ecologiegouv,1
entretien,1
origine,1
lessonne,1
pr√©√©crite,1
remplir,1
lhumanit√©,1
eni,1
pipedvideog9qi6w16r,1
tournant,1
violemment,1
mot,1
dutiliser,1
atil,1
partisan,1
dunkelflaut,1
flatterstrom,1
d√©nonce,1
catastrophe,1
int√©ressant,1
g√©nocid,1
italien,1
l√©cologisme,1
minorit√©,1
infime,1
r√©server,1
justification,1
rca,1
grave,1
adap,1
vigoureux,1
traduction,1
√©cologi,1
passager,1
d√©crois,1
indic,1
ansil,1
ascendant,1
occasion,1
mythe,1
√©chelle,1
faisable,1
dargumentaire,1
r√©cent,1
100aines,1
faudra,1
ben,1
kolwezi,1
linstar,1
manono,1
homme,1
mobilisonsnous,1
rater,1
tradingsatcomeniit0003132,1
devon,1
rs,1
bro,1
carbon,1
neutralit√©,1
tendre,1
carbon√©,1
lom√©ga,1
lalpha,1
heureusement,1
quaujourdhui,1
√©metteur,1
probablement,1
progression,1
rotation,1
agglom√©rer,1
d√©biliter,1
9h30,1
fresqu,1
atelier,1
inscrivezvou,1
vatil,1
p√©age,1
autoroute,1
110,1
dobliger,1
monsieur,1
hecate2027,1
stopracketenergiefr,1
balle,1
coquillette,1
jeudi,1
electricit√©,1
violence,1
dormir,1
emp√™cher,1
nuit,1
lessive,1
commencent,1
consultation,1
quelque,1
co√Øncidence,1
surveiller,1
ider,1
d√©voyer,1
12h30,1
19h,1
succession,1
primitivesvers,1
d√©terminant,1
aire,1
senecologi,1
ascendre,1
distinct,1
analytique,1
diagnostic,1
train,1
pouyann,1
patrick,1
foiscomp√©tenceaire,1
renter,1
product,1
consistance,1
22h,1
lyonnefrsaintbrisson5823,1
morvan,1
√©oliennespanneal,1
tard,1
conspuer,1
caste,1
√©videmment,1
intermittence,1
planprotectionnisme,1
fayard,1
bitlyfresqueclimat2023,1
garches,1
m√©diath√®que,1
substituer,1
pilotable,1
lettre,1
audessus,1
prigent,1
lo√Øc,1
populationecouter,1
poigner,1
fumisterie,1
vaste,1
iter,1
fournisseur,1
√©quilibre,1
imp√¥t,1
immense,1
3000md,1
budg√©taire,1
concept,1
technologier,1
efficace,1
ouvrent,1
p√©n√®tr,1
troie,1
cheval,1
alternative,1
composant,1
situation,1
s√©rieusement,1
empire,1
3effet,1
dur√©e,1
entrepris,1
inspirer,1
frustr,1
d√©finition,1
frich,1
risquer,1
naturellement,1
campagne,1
d√©terminer,1
lemondefr,1
pr√©judice,1
indemnisation,1
traiter,1
oecdilibraryorgdocserver,1
lexportation,1
r√©gulation,1
poss√©der,1
friche,1
leffondrement,1
brutal,1
entra√Æn,1
comble,1
fm,1
omerta,1
existence,1
influence,1
m√©connaissance,1
lgbti,1
soci√©tal,1
diff√©renc,1
sinterroger,1
engouement,1
frustrer,1
r√©flexion,1
g√©n√©ration,1
dictature,1
implantation,1
marseillais,1
gendarmerie,1
scandaliser,1
retardement,1
quaurait,1
limpact,1
conna√Æt,1
frustrant,1
dauter,1
lhypocrisi,1
texas,1
ercot,1
cf,1
stabiliser,1
bord,1
vuitton,1
louis,1
exceptionnel,1
exposition,1
greenenergy,1
pr√©curseur,1
g√©nial,1
warhol,1
basquiat,1
administrer,1
l√©tat,1
visible,1
ecologiste,1
150,1
hybride,1
d√©terminisme,1
lavon,1
transfert,1
strat√©gie,1
owlyoou7104ckww,1
soixantain,1
gestion,1
libert√©,1
aborder,1
stagnon,1
favorise,1
awa,1
toza,1
√©liminer,1
chasser,1
kabila,1
rechargeable,1
affronter,1
kasai√´n,1
lantiquit√©,1
raisonnement,1
vivant,1
raisonner,1
iftttscmwnq2,1
laminuteinfo,1
iftttzaqeftm,1
fumer,1
tempsci,1
arnaqu,1
citoyen,1
logistiqueurbain,1
