mots,fréquence d'apparition en Janvier
ministre,58
énergie,56
nucléaire,30
france,29
entreprise,26
fossile,25
projet,24
financer,23
mettre,22
allemand,22
grand,22
électrique,21
développement,21
éolien,20
milliard,20
renouvelable,19
conférence,18
nouveau,18
production,18
politique,18
santé,16
durable,16
solaire,16
solution,16
pétrol,16
plan,16
écologique,15
besoin,15
macron,15
vert,15
climatique,15
français,15
proposer,14
électricité,14
prix,14
gouvernement,14
temps,14
climat,14
canader,14
allemagne,14
public,14
mondial,13
passer,13
matière,13
compte,13
voir,13
économique,12
retraite,12
edf,12
question,12
nécessaire,12
propre,12
co2,12
maire,11
lire,11
engager,11
accélérer,11
objectif,11
québec,11
venir,11
monde,11
jeune,11
agnesrunacher,10
lénergie,10
charbon,10
véhicule,10
consommation,10
stratégique,10
source,10
loi,10
investir,10
recherche,9
expliquer,9
problèm,9
financement,9
total,9
ministère,9
donner,9
terme,9
lobby,9
lallemagn,9
faire,9
année,9
batterie,9
société,9
pouvoir,9
europ,9
économie,9
développer,9
central,9
pétrolier,9
savoir,8
social,8
coup,8
dautre,8
ministèr,8
meilleur,8
rapport,8
leilarbenali,8
carbone,8
local,8
dernier,8
continuer,8
consommateur,8
service,8
industriel,8
ville,8
européen,8
gros,8
million,8
fin,8
créer,8
produire,8
modèle,8
réduire,8
comprendre,7
léducation,7
chin,7
regarder,7
emploi,7
bel,7
émission,7
soutenir,7
devenir,7
priorité,7
planèt,7
domaine,7
collaboration,7
payer,7
prendre,7
devoir,7
davo,7
maroc,7
dire,7
japonais,7
soutien,7
permettre,7
investissement,7
croire,7
étape,7
polqc,7
laid,7
secteur,7
critique,7
supplémentaire,7
industrie,7
système,7
presse,7
petit,6
vouloir,6
scénario,6
benali,6
appeler,6
voix,6
leila,6
cause,6
afrique,6
létat,6
olaf,6
ère,6
aider,6
assurer,6
augmenter,6
tweet,6
suite,6
président,6
falloir,6
scholz,6
faux,6
ue,6
opposer,6
mois,6
tourner,6
article,6
nom,6
leurope,6
national,6
réussir,6
changement,6
présenter,6
région,6
cas,6
lutte,6
présent,6
chose,6
prochain,6
francoallemand,6
actuel,6
condition,6
jour,6
energétiqu,6
hydrocarbure,5
commission,5
africain,5
borne,5
également,5
rdc,5
travail,5
marge,5
règn,5
conséquence,5
aller,5
bientôt,5
capacité,5
voter,5
ensuite,5
visite,5
contrat,5
fiscal,5
partenaire,5
hydrogène,5
dénergie,5
découvrir,5
travailler,5
mener,5
intéressant,5
agnès,5
prédir,5
membre,5
frein,5
actif,5
porter,5
réduction,5
gagner,5
principauter,5
lafriqu,5
fortement,5
fixé,5
perenco,5
enjeux,5
réaliser,5
pipeline,5
acteur,5
leclerc,5
char,5
cœur,5
pétrole,5
aujourdhui,5
lhôpital,5
croissance,5
important,5
coût,5
avenir,5
événement,5
débattre,5
clair,5
entendre,5
général,5
métal,5
international,5
exploitation,5
concrètement,5
retenir,5
rester,5
réseau,5
lemondefrideesarticle202,5
droit,5
vrai,5
annonce,5
lindustrie,5
vite,5
vision,5
pannierrunacher,5
jusquà,5
manquer,5
concerner,5
proposition,5
antinucléaire,5
vœux,5
population,5
casser,4
fort,4
hq,4
vue,4
pari,4
choix,4
brochu,4
infrastructure,4
minéral,4
citoyen,4
leader,4
dinformation,4
déficit,4
minier,4
mythe,4
acheter,4
jaune,4
direct,4
nont,4
cler,4
utile,4
resistancerepublicainecom2,4
invitéespécial,4
energetiqu,4
commun,4
inscrivezvou,4
présente,4
installation,4
nature,4
bruno,4
vie,4
culture,4
main,4
russe,4
demmanuel,4
biodiversité,4
discussion,4
remettre,4
lützerath,4
impossible,4
distribution,4
agir,4
scientifique,4
utiliser,4
pourtant,4
vent,4
débat,4
stockaged,4
justice,4
marché,4
truc,4
participer,4
rouer,4
épaul,4
accompagnement,4
chèque,4
pauvre,4
recevoir,4
guerre,4
virer,4
lofate,4
carbon,4
lenvironnement,4
représentation,4
office,4
premier,4
loin,4
wind,4
demander,4
frfriendsagainstwindorg,4
unlock,4
efficace,4
signer,4
finir,4
sert,4
innovation,4
bénéficier,4
absurde,4
décider,4
placer,4
penser,4
écologie,4
moyen,4
mond,4
coeur,4
sujet,4
mauvais,4
dici,4
revenir,4
mali,4
décrier,4
echosmediasorgexploitation,4
territoire,4
lon,4
resteil,4
disponible,4
enjeu,4
dossier,4
user,4
lier,4
emmanuel,4
mesure,4
tchad,4
réchauffemer,4
côté,4
lemondefr,4
transitionenergetiqu,4
partir,4
retraire,4
ressource,4
monsieur,4
délectricité,4
destruction,4
chance,4
info,3
auprès,3
réglementation,3
nuke,3
bête,3
augmentation,3
perdre,3
us,3
histoire,3
françois,3
fournir,3
quantité,3
programme,3
profit,3
gestion,3
crise,3
wef,3
ambitieux,3
spécialiste,3
justement,3
concret,3
gilet,3
député,3
éviter,3
bcp,3
perspectif,3
genr,3
attractif,3
changer,3
promouvoir,3
critiquer,3
démontrer,3
idé,3
logement,3
contraire,3
thèm,3
rejet,3
rappel,3
concurrent,3
contraindre,3
lanner,3
décarboner,3
automobile,3
accélèr,3
oublier,3
effectuer,3
diminuer,3
avancer,3
pétition,3
campagne,3
numérique,3
cadr,3
lélectrique,3
demain,3
blagu,3
améliorer,3
connaître,3
artificiellemer,3
coûter,3
choisir,3
conseiller,3
retard,3
forêt,3
organiser,3
club,3
récemment,3
excellent,3
rencontre,3
succès,3
dirigeant,3
conseil,3
rénovation,3
puissance,3
owlylfvn50mphbm,3
dépense,3
média,3
compter,3
quen,3
raser,3
forum,3
prend,3
cashinvestigation,3
prévoir,3
offshore,3
établir,3
arriver,3
entreprendre,3
territoir,3
principalement,3
janvier,3
friends,3
patrimoine,3
coupure,3
partout,3
trajectoir,3
finalement,3
situation,3
répondre,3
hydroquébec,3
sobriéter,3
train,3
fond,3
participatif,3
mission,3
contrôle,3
annoncer,3
franceinfo,3
éducation,3
gratuit,3
dépendance,3
salarier,3
réussie,3
twh,3
groupe,3
camp,3
finance,3
traval,3
nord,3
terre,3
construction,3
réalisation,3
durer,3
niveau,3
priver,3
majorité,3
legault,3
femme,3
island,3
existant,3
transport,3
bâtiment,3
financier,3
long,3
environnemental,3
cacher,3
intérêt,3
étude,3
pdg,3
runacher,3
fier,3
initier,3
étranger,3
annuel,3
contribuer,3
indispensable,3
rôle,3
suédois,3
stratégie,3
bascarbon,3
léconomie,3
ukrain,3
accélération,3
taxer,3
avance,3
séquence,3
aide,3
business,3
vente,3
remplacer,3
lefigarofrinternationalch,3
manière,3
enrichir,3
dater,3
mine,3
pollution,3
faveur,3
donnée,3
lélectricité,3
construire,3
viser,3
simple,3
poursuivre,3
protéger,3
jancovici,3
lhydrogène,3
profossiler,3
explication,3
découverte,3
vœu,3
sol,3
atil,3
enfant,3
lalgérie,3
insuffisant,3
occasion,3
bilan,3
indépendanc,3
commencer,3
historique,3
compétence,3
déclarer,3
cesser,3
lhydrogèn,3
résolumer,3
défi,3
filière,3
résorber,3
dégager,3
diesel,3
manœuvre,3
stockage,3
mort,3
budgétaire,3
autour,3
métropole,3
création,3
cadre,3
economie,3
francetvinfofreconomieret,3
confondre,3
ge,3
capital,3
gigantesque,3
voiture,3
impôt,3
mal,3
réponse,3
communauté,3
collaborateur,3
sécurité,3
mfacebookcomstoryphpsto,2
souligner,2
lexempl,2
donne,2
renseignezvous,2
septembr,2
lisland,2
expertise,2
équilibrer,2
bfmtv,2
center,2
refonder,2
taxation,2
comprend,2
lun,2
dépenser,2
syder,2
fonds,2
reporterre,2
foi,2
super,2
kiloact,2
étoile,2
chat,2
exportateur,2
sobriété,2
base,2
individuel,2
budget,2
volet,2
arnaqu,2
kwh,2
lemondefrideesarticle201,2
daccord,2
évoquer,2
compléter,2
accord,2
sécuriser,2
relance,2
souveraineté,2
idéologique,2
labours,2
maintenance,2
lavoixdunordfr1276383arti,2
christophebechu,2
raison,2
corriger,2
journalist,2
eau,2
technicien,2
stopper,2
dedf,2
génération,2
prophète,2
reporterrenettransitionen,2
agriculteur,2
arme,2
discuter,2
cuivre,2
andorr,2
arenh,2
militant,2
empêcher,2
prolonger,2
lourd,2
lambda,2
céter,2
atteindre,2
chiffre,2
infrastructur,2
noter,2
progrè,2
détruire,2
davoir,2
marcher,2
go,2
ministr,2
jmj,2
matin,2
pipedvideobgxnuuqbm,2
montrer,2
école,2
prétendre,2
numéro,2
namr,2
particuliersengiefrmonpr,2
paradis,2
aurore,2
h2,2
abordable,2
triste,2
jeu,2
escroquerie,2
joue,2
hydroélectrique,2
présentation,2
liste,2
polluer,2
monprogrammepouragir,2
écouter,2
peur,2
foutu,2
jagisavecengie,2
stéphant,2
questce,2
engie,2
outil,2
gâchi,2
massif,2
décarbonation,2
moment,2
ligne,2
cadastre,2
violer,2
échange,2
habiter,2
infoflash,2
infoflashcominfoflashac,2
merkel,2
rapidement,2
province,2
collectif,2
présence,2
engiepartfr,2
extrair,2
inefficace,2
pleine,2
quils,2
comitesyndical,2
délégation,2
thread,2
transférer,2
égaler,2
bp,2
largent,2
montr,2
partager,2
informatique,2
dilemme,2
jeunesse,2
danner,2
ag,2
réussite,2
dévaluation,2
cours,2
dinvestissement,2
chimie,2
multinational,2
roi,2
triple,2
boomer,2
scpi,2
composant,2
clé,2
immobilier,2
crowdfunding,2
plateform,2
wiseed,2
apprécier,2
energiewend,2
démocratie,2
solidaire,2
réuni,2
survie,2
drastiquemer,2
baliverne,2
métier,2
exploiter,2
rte,2
abandonner,2
lenergiewend,2
rejoindre,2
acquisition,2
angleterre,2
essentiel,2
fressoz,2
clôturer,2
deal,2
présupposer,2
lhumanité,2
jeanbaptiste,2
publier,2
peuventils,2
propos,2
fédéral,2
wer,2
fonctionnaire,2
spoiler,2
månger,2
avantage,2
monnaie,2
frankrike,2
ensembl,2
analyse,2
canadien,2
att,2
för,2
lenjeu,2
matériau,2
souhaiter,2
technologier,2
mensonge,2
giec,2
cour,2
shell,2
etatsuni,2
multiplier,2
pognon,2
green,2
compliquer,2
ralentir,2
texte,2
délai,2
futur,2
sénat,2
med,2
michel,2
gy,2
thermographie,2
bénévolement,2
pouvon,2
dette,2
rationnel,2
offrir,2
manqu,2
concept,2
rouler,2
agricole,2
assnat,2
caq,2
edpr,2
francoislegault,2
exciter,2
procédure,2
élu,2
encourager,2
clarification,2
accomplir,2
tenir,2
ceremer,2
tf1,2
aveu,2
sen,2
retraité,2
gouffr,2
collectivité,2
centre,2
continent,2
baisse,2
greenwashing,2
greenpeacefr,2
site,2
espac,2
proximité,2
totalenergie,2
inscrire,2
extension,2
association,2
présider,2
contexte,2
traiter,2
capitalisme,2
réserve,2
lelec,2
dauphinelibere,2
accompagner,2
ledauphinecompolitique202,2
innover,2
roche,2
energie,2
aliment,2
infoénergie,2
sophie,2
leadership,2
scandal,2
backup,2
affirm,2
cop27,2
sortie,2
réaction,2
cerveau,2
favoriser,2
responsable,2
sortir,2
klimapakt,2
thème,2
menac,2
entrer,2
effort,2
lexplosion,2
lemondefrplanetearticle2,2
paradi,2
obtenir,2
marche,2
étroite,2
parlementaire,2
résoudre,2
compagnie,2
talent,2
figaro,2
deuro,2
chercher,2
coopération,2
réforme,2
emmanuelmacron,2
énergetique,2
poussée,2
connerie,2
sauver,2
servir,2
heureux,2
décidément,2
échec,2
excitant,2
impact,2
turquoise,2
idée,2
rêve,2
déroutant,2
risque,2
lanalyse,2
méthane,2
top,2
incontournable,2
mobilité,2
agité,2
résumer,2
imaginer,2
suffire,2
abou,2
remplacemer,2
valide,2
dhabi,2
thermique,2
sympa,2
bref,2
parc,2
europe,2
dollar,2
davantage,2
aborder,2
usage,2
conserver,2
regard,2
issu,2
boîte,2
productif,2
inutile,2
former,2
enri,2
trouver,2
eco,2
con,2
mercredi,2
démission,2
domicil,2
terrain,2
sénégalais,2
principal,2
journaliste,2
énergétique,2
lécole,2
marocain,2
amee,2
cap,2
apifollowittrackstatistic,2
dêtr,2
date,2
euro,2
nécessiter,2
garanti,2
youtube,2
sérieusement,2
anticiper,2
inscrir,2
quil,2
lnkdineejvdpck,2
bd,2
innovant,2
lautonomie,2
parvenir,2
utilisation,2
veran,2
potentiel,2
startup,2
lactivité,2
équipe,2
village,2
born,2
bosser,2
fossoyeur,2
pied,2
sacrifier,2
néocolonialisme,2
com,2
energy,2
mandat,2
dentendre,2
moniteurautomobilebeactua,2
position,2
betd,2
dialogue,2
berlin,2
lundi,2
photovoltaïque,2
merd,2
dirig,2
bfmtvcomenvironnementtran,2
levier,2
nier,2
lair,2
pollu,2
peuple,2
autochtoner,2
gnl,2
tard,2
saccager,2
cracher,2
mécanism,2
syndicat,2
convention,2
j7,2
trip,2
pilote,2
amazonien,2
exceptionnelle,2
laisser,2
laver,2
baser,2
act,2
mode,2
créateur,2
dautr,2
inspir,2
frontpopulairefrinternatio,2
xmpe1,2
message,2
mohammedia,2
ds,2
gouvernemental,2
contrairement,2
rond,2
transitionecologiqu,2
rater,2
combustible,2
disparition,2
panel,2
systémique,2
dispositif,2
mining,2
zone,2
actualité,2
humain,2
tabl,2
artisan,2
darcachon,2
bleu,2
mot,2
image,2
militaire,2
mégafeu,2
tête,2
participe,2
véritable,2
industriefrance,2
càvou,2
équilibre,2
félix,2
asselineau,2
businessboursecom2023011,2
carboner,2
screenshot,2
alternance,2
discour,2
client,2
vincent,2
parler,2
dividende,2
serre,2
calme,2
transfert,2
décision,2
réalité,2
hôpit,2
inondation,2
posséder,2
brexit,2
pakistan,2
radio,2
vers,2
japon,2
qd,2
peuventil,2
macronard,2
tshisekedi,2
entièrement,2
pannier,2
lancer,2
nécessité,2
apport,2
incendie,2
respite,2
achever,2
renovationperformant,2
échanger,2
pas,2
pratique,2
voulon,2
carboneutralité,2
sierra,2
macroniste,2
signant,2
profil,2
cérémonie,2
irener,2
brocéliand,2
œuvre,2
energiemayenne,1
anniversaire,1
chancelier,1
ferme,1
haulogy,1
odoopython,1
technologique,1
noppose,1
dictateur,1
60,1
catastrophique,1
wilkinson,1
recherchon,1
suppression,1
réconciliation,1
développeur,1
asiate,1
détaill,1
référence,1
biognv,1
retweet,1
vuejs,1
renforcement,1
1001rsscomcharsleclercpi,1
laménagement,1
walloniebruxelles,1
shangomedialefigarof09,1
mokasajima,1
craftcm,1
dailleur,1
décembr,1
température,1
miroir,1
essonneterredavenirs,1
appadjustcom9jz28x1,1
psychologique,1
familial,1
buffly3kt2n1k,1
délégué,1
mec,1
application,1
télécharger,1
consolidé,1
lien,1
beal,1
commercial,1
conclure,1
circulaire,1
azerbaïdjan,1
mignerot,1
oïmakon,1
poitrine,1
aggloparisaclay,1
entretien,1
artificiel,1
honneur,1
réform,1
rayonnement,1
ubunturdc,1
autochtone,1
placezvou,1
lexploration,1
synonyme,1
léchell,1
control,1
planétaire,1
option,1
mixte,1
8ème,1
durabiliter,1
manufacture,1
gsap,1
transformation,1
power,1
moteur,1
colossal,1
énérgetiqu,1
qualitatif,1
bloquer,1
stratégiquement,1
cible,1
bitly3wpvzde,1
factur,1
opep,1
mensuello,1
classe,1
gpt,1
attir,1
pgm2023,1
petrole,1
perso,1
marocwalloni,1
intermédiaire,1
profiteur,1
gèrent,1
carbonné,1
période,1
chatgpt,1
lh2,1
eni,1
gdelasteyrie,1
mur,1
méthanisation,1
végétaliser,1
lemondefreconomiearticle,1
largement,1
civilisation,1
commander,1
urgent,1
arbitraire,1
oeuvrer,1
argumentation,1
énergiesolaire,1
station,1
conditionne,1
diaspora,1
ajoutée,1
cad,1
qatar,1
exister,1
bati,1
copropriété,1
conséquent,1
fiasco,1
soft,1
diasporer,1
façade,1
mobilisation,1
reprise,1
pignon,1
appuyer,1
moderne,1
normal,1
plonger,1
escarpin,1
dargent,1
promesse,1
argument,1
pasdecaler,1
protection,1
remarqu,1
loffice,1
bêtise,1
trahir,1
circonscription,1
famille,1
loto,1
second,1
entraîn,1
députer,1
mdrr,1
jmaquet6202,1
brigbourguignon,1
rendre,1
têt,1
arra,1
renaissance62,1
départemental,1
bureau,1
establishmer,1
profusion,1
surconsommation,1
établissement,1
cheval,1
lépisode,1
découter,1
ccb,1
engrange,1
bénéfice,1
animateur,1
transform,1
matérialiser,1
dapk,1
énergétiquearmee,1
processus,1
troi,1
néfaste,1
rdczambi,1
protocole,1
lopération,1
pandor,1
lirener,1
pièce,1
xdf31xd83c,1
hk,1
couvron,1
ze,1
précurseur,1
infiltrer,1
linstallation,1
disclosengofrarticlelam,1
relever,1
difficile,1
nose,1
urbain,1
lheur,1
yep,1
létalement,1
final,1
défaire,1
montréal,1
complexe,1
besoinshopitaltransition,1
buffly3wwaeyy,1
fabrication,1
tempérer,1
buffly3qqnmiz,1
rfimy95ayt,1
troisieme,1
neyden,1
carole,1
pis,1
sécurisation,1
linnovation,1
dauphineliber,1
coeurpas,1
matérial,1
carte,1
xdc49xd83d,1
md,1
déficit4042,1
pipedvideo9uyrebyctsg,1
comble,1
aval,1
dêtre,1
ubiracionalorgnosunimos,1
héberger,1
lunanimité,1
régime,1
env,1
actuellement,1
espagne,1
journalisme,1
limité,1
raisonnement,1
ofate,1
police,1
climatiquemer,1
complètement,1
foutaient,1
esg,1
road,1
pouyanné,1
lemediatvfremissions2022,1
débarrasser,1
podcast,1
minuter,1
mépriser,1
googlenew,1
primordial,1
owlynnvj50mvycf,1
francetvinfofrmondeenviro,1
infoutue,1
hameau,1
limmense,1
structure,1
alternative,1
buffly3kx4vey,1
crédible,1
infographie,1
og,1
tweetedtimescomdanieldepaz,1
infiltration,1
alimenter,1
bolchévism,1
see,1
verraient,1
nitternetelisabethborn,1
empreindre,1
terminal,1
contribu,1
apporter,1
amont,1
dapprovisionnement,1
poser,1
bienséant,1
projection,1
canadajapon,1
nu,1
film,1
reduirenotrempreintecom,1
assofhalleforet,1
exhiber,1
travailleur,1
disclosengofrarticlepetr,1
glacial,1
froid,1
transparent,1
météo,1
rassembler,1
silva,1
academieduclim1,1
foret,1
foretprimaire,1
vivreenvill,1
activement,1
cocréer,1
implémenter,1
ofat,1
revuedepresse06,1
abbay,1
richesse,1
elisabethborn,1
ctee,1
scandale,1
zemmour,1
usafricaleaderssummit,1
nécout,1
faucill,1
remibx,1
crédit,1
espérer,1
grégarité,1
comptable,1
energiefrdeeufrenergie,1
scenarii,1
rdveco,1
antinomique,1
tendre,1
10ansdans,1
productivité,1
chinois,1
comestible,1
gain,1
tableau,1
p121,1
recommander,1
pédagogique,1
regrettable,1
aspect,1
lmmedialibrefr,1
poche,1
story,1
etcquil,1
chaîne,1
remercier,1
monacomatin,1
zambie,1
exprimer,1
monacotechmc,1
mebmonaco,1
montecarlobay,1
yachtclubmonaco,1
smegmonaco,1
parlement,1
nicematincoma822134,1
bitly3xswewj,1
postur,1
varmatincomeconomielatra,1
réchauffement,1
el,1
ggouffiercha,1
text,1
hamdoulileh,1
occident,1
alouette,1
produit,1
suèd,1
chantier,1
folie,1
tiktok,1
vmtiktokcomzmylpnqb7,1
lafriquedusud,1
arabnewsr8e3r,1
arabnewsfrnode341671int,1
iftttzq7divt,1
boundiali,1
côte,1
février,1
ivoir,1
adoactier,1
rhdpuneforce,1
cmspirit,1
theafricareportcom278151p,1
affirmer,1
dlvritshdvp,1
atome,1
erafranceapibotsiocontent,1
ensemble,1
accessible,1
prime,1
bfmtvcomeconomie1000mill,1
bfmbusiness,1
avonsnous,1
pipedvideolbox1k1bfxs,1
relancer,1
massivement,1
réaliste,1
frédéric,1
moret,1
lunion,1
europénn,1
fr1960,1
lemondedelenergiecomrelanc,1
xdce3xd83d,1
maprimerénov,1
ménage,1
modeste,1
presque,1
fioul,1
hiver,1
enclencher,1
précarité,1
mobilison,1
penson,1
sappliquer,1
greenpeacefrcriseenergeti,1
loptimisation,1
énergétiquelaisser,1
dactualiter,1
récent,1
denvironnement,1
avi,1
energiesrenouvelable,1
équipement,1
xdd34xd83dpétrole,1
contester,1
changementclimatiqu,1
lorganisation,1
isolation,1
booster,1
taxe,1
impérieux,1
commencé,1
inflation,1
relai,1
géographique,1
benelu,1
sectoriel,1
court,1
compteur,1
intelliger,1
effet,1
visible,1
hauss,1
benelux,1
préparent,1
dérange,1
tabess,1
accent,1
entrepris,1
état,1
ecologiegouvfrloitransit,1
marseill,1
camarade,1
portugais,1
vmignerot,1
convoqu,1
déconstruir,1
valider,1
bouscule,1
vincivalentin,1
pipedvideoqgmoikb6isy,1
travé,1
arnaque,1
imbécile,1
ouestfrancefreconomieen,1
fabl,1
larnm,1
woke,1
tue,1
admirer,1
rampe,1
partie,1
feux,1
dimmense,1
caverne,1
sel,1
souterraine,1
amenager,1
stocker,1
sit,1
gasunie,1
zuidwending,1
engienl,1
region,1
iledefranc,1
efficacité,1
iledefrancefrchequeeffica,1
clergeau,1
mebareknora,1
congresp,1
123info,1
totalité,1
poster,1
énergétiqueréform,1
conditionner,1
avoir,1
subvention,1
mascarad,1
daccè,1
leau,1
good,1
planet,1
bousill,1
idéologie,1
amener,1
abondant,1
intermittent,1
fusion,1
compétition,1
faut,1
influenceus,1
retraiteréduction,1
détaillé,1
daubignosc,1
austérité,1
limplantation,1
montagn,1
lure,1
uniqt,1
cn,1
dgf,1
opposition,1
défense,1
chauve,1
souris,1
étudier,1
c02,1
grave,1
meilhan,1
stepher,1
parrique,1
pipedvideoc9qyhrqnm4,1
producteur,1
appo,1
exhorte,1
lidéologie,1
aucunement,1
lêtr,1
leone,1
alwihdainfocomtchadletch,1
stimuler,1
verte,1
harounbouazzi,1
accuser,1
diversion,1
amira,1
elghawaby,1
défaut,1
hôpital,1
gazières,1
favorable,1
dévastation,1
daurore,1
mondialiste,1
command,1
loccurrence,1
répèter,1
jouzeljean,1
crédibilité,1
ouestfrancefrenvironnemen,1
prise,1
goshrlc3hopcpv,1
infolibertair,1
extrêmement,1
perpétuation,1
dizaine,1
appel,1
doffre,1
buffly3whue0u,1
alwihda,1
leon,1
tinyurlcom2bjudh4o,1
perroquet,1
tver,1
stépher,1
largument,1
rappellent,1
infiltratier,1
crevure,1
réclamer,1
revenu,1
universel,1
zétou,1
sanitaire,1
industrialiser,1
forcer,1
fondé,1
ado,1
accumuler,1
solidarité,1
russoukrainienn,1
susceptible,1
provenir,1
lélectrification,1
sajustent,1
mouvement,1
âge,1
lutécium,1
hier,1
conduire,1
seffondrer,1
lir,1
commentair,1
emberclimateorginsightsr,1
simplement,1
intellectuel,1
escroqueri,1
letat,1
détenteur,1
déolienne,1
facture,1
chosi,1
arrêter,1
rue,1
grond,1
ami,1
positif,1
developpementdurabl,1
etat,1
grid,1
shit,1
quelquun,1
voler,1
stupide,1
pont,1
dor,1
sinstaller,1
réticer,1
insoumis,1
régim,1
structurellement,1
déficitaire,1
balec,1
creuser,1
vieilless,1
zozo,1
nauron,1
fuck,1
pollueur,1
exploser,1
plugger,1
représenter,1
autonome,1
gouvernance,1
cmathieu,1
ifri,1
accompagnemer,1
webconférence,1
beneclarenn,1
haroldelie,1
groupebpc,1
nicolas,1
durand,1
cozynergy,1
ajouton,1
entraîner,1
complet,1
let,1
qua,1
chip,1
technoduquebec,1
assezcontinuon,1
siecledigitalfr20230127,1
siecledigital,1
engagewithusoebcafei,1
nan,1
givor,1
lest,1
linflation,1
subisson,1
continuon,1
arrêt,1
brutal,1
accès,1
explosion,1
mauricie,1
conceptnumériqu,1
membreaqt,1
owly5f1z50meokz,1
siaf,1
biodégradable,1
science,1
route,1
pose,1
probleme,1
chine,1
duveuv,1
semiconducteurs,1
monopole,1
element,1
stem,1
faible,1
1001rsscomlesinvestisseme,1
bloombergnef,1
linvestissement,1
probablement,1
gun,1
tempe,1
trafic,1
énergétiqueont,1
cemexperts,1
retrouveznous,1
gisemer,1
bitly3xparda,1
plainte,1
cgt,1
bitly3xtgnqb,1
action,1
coll,1
portugal,1
investit,1
capvert,1
valorisation,1
développé,1
radical,1
aveugle,1
fleursiberie,1
rigole,1
cliqu,1
pauline,1
boyer,1
roussydidier,1
exemplaire,1
portuaire,1
portlanouvell,1
didiercodorniou,1
tribune,1
porte,1
clos,1
cosigner,1
lettre,1
limportance,1
ledevoircomopinionidees7,1
crée,1
hey,1
flipper,1
menace,1
avéré,1
confiance,1
rejeter,1
occitanie,1
caroledelga,1
jbenabdillah,1
demplois,1
mathildepanot,1
debatbfmtv,1
pétrolegaz,1
poinglevetls,1
revolutionpermanentefrmast,1
roul,1
serpent,1
médecine,1
pma,1
homosexualité,1
exposée,1
lexpressfrpodcastslaloupe,1
gabegie,1
assassinat,1
1001rsscomgabegieenergeti,1
assimiler,1
usager,1
fameux,1
bonjour,1
telecom,1
climateactionnow,1
lextraction,1
ceremacom,1
master,1
cohésion,1
collectiviter,1
adhérer,1
4aoûtengagée,1
negawattorglesgazrenouv,1
défair,1
svp,1
stockag,1
m3,1
dh,1
étendre,1
lanimal,1
animal,1
nitternetcalamyjanestatu,1
université,1
univtoulous,1
ouvrir,1
défilaient,1
laurer,1
pointlà,1
istället,1
på,1
tyska,1
energiwend,1
techno,1
fusfis,1
capturestockage,1
hydrostockage,1
suffisant,1
theguardiancomenvironment,1
déplaise,1
libéral,1
repeint,1
suggérer,1
recours,1
hérési,1
atomique,1
gargariser,1
vänter,1
omställning,1
royaumeuni,1
snabbare,1
doter,1
contrer,1
liberationfrinternational,1
kk,1
har,1
ersatt,1
tusen,1
fossil,1
elproduktion,1
och,1
därmed,1
utsläpp,1
dock,1
skull,1
ju,1
kunnat,1
varer,1
type,1
galérer,1
régler,1
politicard,1
mempêche,1
considérer,1
anglaise,1
lune,1
affranchi,1
daucune,1
prod,1
traduction,1
dargument,1
convaincant,1
écologiste,1
civil,1
sérieux,1
sdnfr,1
fuir,1
ose,1
sousentendr,1
clairvoyant,1
fermer,1
charle,1
disparaître,1
renonce,1
bonus,1
8gw,1
attribuer,1
conso,1
dexports,1
bbccomnewsuk64319323,1
semaine,1
prononcer,1
exercice,1
inédit,1
encadré,1
lexpressfrenvironnementtr,1
ontelle,1
rôl,1
jouer,1
moitié,1
spécialisé,1
mobile,1
xdsl,1
abstention,1
could,1
wrong,1
1ère,1
communication,1
graphique,1
goletelegrammefrqo1p,1
goletelegrammefrtube,1
lavantgarde,1
principauté,1
embaucher,1
jeansimon,1
mulot,1
dldjuil,1
mysociabblecomb8xda2uqcwt,1
ouvrent,1
voie,1
mysociabblecomkv3eph3mr1p,1
injecter,1
votant,1
limpact,1
logique,1
déposséder,1
habitat,1
liberte,1
preuve,1
notion,1
forer,1
amasser,1
superprofit,1
pleinement,1
électricien,1
sincérité,1
relèv,1
serg,1
grouard,1
métropol,1
transmettre,1
élément,1
publication,1
stock,1
copain,1
channelafrica1,1
vuesdafriqueafriquedusud,1
affaire,1
josep,1
borrell,1
veiller,1
inauguration,1
commune,1
boulogn,1
depvendee,1
interco,1
logemer,1
guyplissonneau,1
information,1
veux,1
ong,1
guadeloupe,1
entrain,1
africafrench,1
inscription,1
ceuxci,1
weareleonard,1
esprit,1
royal,1
dutch,1
doc,1
conf,1
lipcc,1
yc,1
lusage,1
unité,1
rejoigneznou,1
cycle,1
dédier,1
hôtel,1
energyobserverfoundation,1
energyobserver,1
vicerussard,1
eodevh2,1
plumer,1
poch,1
rentable,1
géothermique,1
muser,1
ridicule,1
russie,1
nul,1
quest,1
rechercher,1
laffider,1
dévaloriser,1
expulser,1
charogne,1
monumental,1
privatiser,1
quun,1
importance,1
made,1
quassemblé,1
millier,1
monument,1
dorigine,1
eliselucet,1
layer,1
déconomiser,1
tuilerie,1
concurrente,1
copier,1
compétitif,1
pipedvideoxlabkzdg0jw,1
lesnews24,1
fondsmarin,1
illustration,1
parfait,1
géopolitique,1
éthique,1
rebeccathissen,1
deepseamining,1
energierenouvelabl,1
transitionenergétiqu,1
xdee7xd83e,1
kms,1
dérive,1
ka,1
dlvritshvvxr,1
chien,1
sinscriver,1
déclaration,1
eurodeputer,1
virginie,1
joron,1
autorisation,1
intégrer,1
poudre,1
insecte,1
grillon,1
domestique,1
voit,1
tran,1
cop26,1
financemer,1
boulanger,1
mdr,1
architect,1
organisme,1
investisseur,1
compensation,1
naver,1
sûrement,1
retrouver,1
lhypocrisi,1
terrer,1
tonne,1
retirer,1
kilogramme,1
ravir,1
présentateur,1
lor,1
oreille,1
coux,1
doigt,1
ior,1
doù,1
prospérité,1
abord,1
pm,1
em,1
europesolidaireorgspipph,1
avis,1
double,1
expérience,1
covid,1
invasion,1
ressortissant,1
juger,1
commettr,1
positivenent,1
coordination,1
communer,1
vaccinsngeusanctionsaide,1
militairetransition,1
cherry,1
picking,1
amateurisme,1
bossezvo,1
touristique,1
habitant,1
saintmalo,1
odysser,1
observer,1
statut,1
maritime,1
francelivefrteaserouestf,1
flatterstrom,1
dunkelflaut,1
partisan,1
dutiliser,1
violemment,1
tournant,1
fonctionner,1
pipedvideog9qi6w16re,1
noyon,1
greenpeace,1
nutilis,1
unenergie,1
cledauphinecomscienceet,1
manifester,1
nucléarist,1
macho,1
raciste,1
fasciser,1
sédimentaire,1
biomass,1
complément,1
parfaitement,1
féministe,1
pondérer,1
variabilité,1
contrevériter,1
diffuser,1
priori,1
honte,1
stockageenergie,1
usinenouvellecomarticleav,1
ugrenoblealpe,1
bouleversement,1
arriveron,1
intelligent,1
mesurer,1
coercition,1
conservateur,1
collectivement,1
emetteur,1
constat,1
révélateur,1
volonté,1
proéolien,1
pipedvideosprkbjnjvro,1
lepmi,1
grenobleinp,1
impair,1
vigilant,1
villardbonnot,1
qualité,1
dopposant,1
franchement,1
rigolo,1
spiegeldewirtschaftwinden,1
poussez,1
diminution,1
dégradé,1
breton,1
consentement,1
similaire,1
jadmet,1
parer,1
antienr,1
écrire,1
dhabitude,1
convaincre,1
clandestin,1
résident,1
amoureux,1
plaindre,1
credo,1
préparer,1
benin,1
owlyx5sh50mjlxr,1
attentivement,1
wow,1
flaire,1
piège,1
lutiliserai,1
validité,1
paysmodèle,1
pologne,1
lespremiersserontlesdernier,1
émet,1
méthan,1
lécologisme,1
prisme,1
suv,1
quémander,1
dadresse,1
lautr,1
angervill,1
essonn,1
johann,1
mittelhausser,1
soir,1
énumérer,1
laction,1
lédil,1
tracer,1
perspectiver,1
travers,1
laisse,1
tranquille,1
carnet,1
peuton,1
élevé,1
sappell,1
absolu,1
maastrichienne,1
courage,1
boutique,1
xddf2xd83c,1
dlvritsgxrr3,1
nitternetibroadcasts1oy,1
edt,1
inaugur,1
générateur,1
virtuel,1
iftttfeyl9qg,1
pertinent,1
drôle,1
lanti,1
prospection,1
puit,1
préparation,1
réorienter,1
bord,1
papeterie,1
vosge,1
chaudièr,1
fuel,1
supprimer,1
spéculation,1
maîtriser,1
extraction,1
agnè,1
avaitell,1
téléviser,1
intéresser,1
dlvritsgcgfc,1
commettre,1
erreur,1
électeur,1
défendre,1
ider,1
cohérence,1
curieusement,1
polluant,1
deurope,1
garder,1
vertueux,1
tort,1
kitobowilly,1
voeux,1
militer,1
saisir,1
lopportunité,1
produis,1
sharufer,1
help,1
lhonneur,1
énorme,1
calendrier,1
cavousf5,1
verdir,1
plutot,1
signe,1
divergent,1
quimpliqu,1
désoler,1
directan,1
adoption,1
pjl,1
concertation,1
acceptabilité,1
simplification,1
replacer,1
deputehorizer,1
approvisionnemer,1
facile,1
continueron,1
sadditionner,1
interroger,1
lapressecaactualitespolit,1
renoncement,1
gvt,1
rassurer,1
journée,1
baiecomeau,1
devenu,1
univers,1
graphite,1
contribuon,1
lesoleilcom20230110deux,1
comiter,1
octobr,1
gliss,1
hydro,1
superministr,1
sassoit,1
nuc,1
brûler,1
inceste,1
papa,1
traite,1
contribution,1
équation,1
policycentermapublication,1
allusion,1
ouverture,1
desprit,1
gên,1
inefficienc,1
hyperfinanciarisation,1
couppeysoubeyran,1
allouer,1
ressoure,1
fair,1
panier,1
duhamel,1
toutver,1
olivier,1
volontarisme,1
pénaliser,1
pib,1
theconversationcomtransiti,1
fuient,1
garantir,1
disponibilité,1
pipedvideoshortsoiljv97ce,1
youtub,1
poncif,1
dupond,1
moretti,1
elisabeth,1
guigou,1
lang,1
enough,1
espéron,1
add,1
twitter,1
bnsr,1
vatell,1
habitué,1
piano,1
bar,1
palace,1
meute,1
fouetter,1
fmi,1
impos,1
dictate,1
would,1
costeffectiv,1
approach,1
regulator,1
extrême,1
bourder,1
real,1
relayer,1
politik,1
refaire,1
surface,1
41n,1
alentour,1
voudriez,1
enlever,1
ccesoir,1
cliquer,1
owlykjbh50lsguz,1
juvignac,1
concevoir,1
montpellier,1
conner,1
cabinet,1
gnassingbé,1
essozimna,1
faure,1
totalenergier,1
hannibal,1
lecter,1
lhomm,1
diviser,1
verse,1
vi,1
actionnaire,1
energetiqueon,1
pruneal,1
decupler,1
rejette,1
atmosphere,1
xdca1xd83d,1
profiter,1
inévitable,1
moderniser,1
nytimescom20230103busin,1
guyane,1
darmanin,1
changemer,1
réduir,1
guyan,1
boralex,1
candélabre,1
caudebrond,1
orientation,1
cyril,1
delpech,1
cocher,1
éclairage,1
audois,1
lindependantfr20230103r,1
répliquer,1
lépreuve,1
vendre,1
proprietespriveesapibotsi,1
significatif,1
officiel,1
lalecob,1
payscob,1
compenser,1
plateau,1
sultan,1
titre,1
prénom,1
savoirfair,1
temer,1
pompeux,1
thématique,1
dangereux,1
pipedvideowatchvybeblbng,1
taillefin,1
neurone,1
spécial,1
agent,1
léquipe,1
tour,1
enthousiasme,1
épuis,1
justifier,1
manifestement,1
comité,1
syndical,1
primiti,1
budgetapprouver,1
déploiemer,1
biogaz,1
biométhan,1
attractiviter,1
ortecgroup,1
réaffirmer,1
valeur,1
engagement,1
léger,1
ecologiegouv,1
owly9gas50mgmvb,1
10h,1
18b,1
napoléon,1
yon,1
passe,1
vender,1
dispose,1
libre,1
magique,1
infini,1
conscient,1
duranium,1
suffisamment,1
consommé,1
greatreset,1
confinemer,1
caférestaurer,1
samedi,1
globalofascist,1
caféécolo,1
consumérisme,1
pointer,1
clairement,1
incertitude,1
carénage,1
interview,1
migaud,1
sfenorgrgngrandcare,1
débile,1
prouver,1
linutilité,1
argumenter,1
contredire,1
remettezvou,1
eelv85,1
agenda,1
sdg2030,1
btp,1
salarié,1
nouvelledonn,1
travaillon,1
faciliter,1
respect,1
larrouturou,1
interpeller,1
pipedvideowatchve1kplkec,1
noublier,1
bourriqu,1
réjouir,1
xdcc3xd83d,1
déchet,1
aménagement,1
territorial,1
vigueur,1
nucleair,1
greenuniverscom202301le,1
argent,1
greenuniver,1
coul,1
flot,1
hasard,1
dubaï,1
lci,1
cnews,1
sudradio,1
ben,1
héritier,1
magnat,1
vivon,1
chauffage,1
promu,1
légion,1
dhonneur,1
dédicace,1
accélèrent,1
togoler,1
web3,1
vs,1
cefi,1
paradigme,1
cto,1
satodri,1
accélérateur,1
btc,1
cryptomonnaie,1
transit,1
bitly3mghoig,1
linvitation,1
bourita,1
chbenmoussa,1
partenariat,1
venon,1
formation,1
defi,1
table,1
m,1
flowrent21,1
marron,1
band,1
excellence,1
héritage,1
fondamental,1
ingénieur,1
intervenir,1
historien,1
pipedvideobfplsjrrby,1
linvitée,1
micro,1
patrickrogere,1
sudradiofr,1
parlonsvrer,1
cbo,1
établissemer,1
ouvrier,1
disposer,1
bourse,1
check,1
sénégal,1
veutil,1
ornoirafricacomcommentl,1
marre,1
décologie,1
massacrer,1
jospin,1
jusqual,1
holland,1
associer,1
atif,1
mauto,1
banquier,1
béninois,1
bours,1
coince,1
mteddmaroc,1
fille,1
taxepri,1
raconter,1
céder,1
malin,1
devrion,1
fermée,1
plasmalyse,1
décarboné,1
couple,1
mécanisme,1
emprise,1
forme,1
bitly3qje3z2,1
faignass,1
charlotte,1
tâche,1
convaincer,1
recourir,1
extraire,1
victime,1
captation,1
coupable,1
successif,1
lautel,1
coupl,1
lutopie,1
désigner,1
vindict,1
imposer,1
règle,1
quid,1
pilier,1
daccélération,1
elément,1
agriculture,1
questc,1
toucher,1
racketter,1
intestinal,1
craindre,1
lavenir,1
payscest,1
soupless,1
contorsionnisme,1
religieux,1
coin,1
imposteur,1
charge,1
trimestre,1
maison,1
nutiliserer,1
plain,1
immeuble,1
extrait,1
luxe,1
neutralité,1
prédilection,1
loilgas,1
casserole,1
envi,1
péter,1
bomber,1
barrière,1
corail,1
occuper,1
ecolosidiot,1
inventer,1
laec,1
atomic,1
cringe,1
lobjectif,1
datteindre,1
loilga,1
sport,1
recharger,1
marrer,1
bus,1
fini,1
bouger,1
d1,1
cheveux,1
quy,1
choquer,1
pétrochimie,1
estell,1
sinscrit,1
daccélérer,1
rythm,1
écum,1
salon,1
symposium,1
faiblesse,1
journal,1
lematinmaexpress2023cham,1
globalemer,1
hont,1
bienvenu,1
villagesymbol,1
naufrage,1
buffly3h8bngt,1
fonder,1
funeste,1
http,1
dassassinat,1
gouv,1
fluctu,1
limpôt,1
mair,1
enfance,1
gregoir,1
dussopt,1
mdrrr,1
résultat,1
écoute,1
sentir,1
fur,1
bêtis,1
dentr,1
sûr,1
remplir,1
jerikan,1
occupe,1
ok,1
nana,1
polaire,1
soumettr,1
frange,1
nation,1
asservissement,1
dinonder,1
https,1
waaaaww,1
générosité,1
pion,1
schöder,1
pseudo,1
labsurdité,1
toxique,1
répéter,1
fumer,1
fumisteri,1
rétablir,1
salaire,1
aps,1
dz,1
tinyurlcom2ogvusd8,1
géer,1
capitaliser,1
payssolution,1
cf,1
totalitarisme,1
pipo,1
linstrument,1
greta,1
algérie,1
jattend,1
mckinsey,1
catastrophe,1
geopolintelfrarticle2856h,1
accè,1
larger,1
exonération,1
depuis10,1
soudain,1
sic,1
exact,1
monnayer,1
esclavagiserle,1
développemer,1
sauf,1
echo,1
newsafricanowcomcotedivoi,1
connai,1
incompétence,1
planification,1
interrégional,1
policyoptionsirpporgfrma,1
énergétiquela,1
décadence,1
classer,1
transitionénergetiqu,1
indic,1
eti,1
refléter,1
lenteur,1
afrimagnettransitionenerg,1
atout,1
majeur,1
pme,1
tv,1
plateal,1
oliviagregoir,1
commerce,1
mezzourr,1
mohcinejazouli,1
miceppgovma,1
ali,1
seddiki,1
directeur,1
amdieagency,1
baisser,1
stable,1
décembre,1
12h,1
moqu,1
macrondemission,1
gourder,1
rtschinfosciencestech13,1
diton,1
ânerie,1
inclure,1
grandeur,1
embourber,1
dallemagn,1
enquête,1
viobonnebas,1
lionel15891265,1
pierrepaulgori,1
irena13a,1
solder,1
energytransition,1
anglais,1
owlyurej50mqgm1,1
frhespresscom297408energ,1
afriquedunord,1
ecfr,1
lordre,1
précisément,1
péronnell,1
lallemand,1
excuser,1
trou,1
amène,1
electricity,1
map,1
consensu,1
déchanges,1
assoc,1
horaire,1
consoprod,1
heurelégale,1
cp,1
ancien,1
énoncer,1
visage,1
fossilfreedrc,1
subir,1
historiquemer,1
glorieux,1
mondeg,1
royaume,1
uni,1
belgiqu,1
grace,1
technologie,1
rder,1
républiqu,1
jargon,1
développ,1
indépendance,1
rout,1
back,1
parie,1
1001rsscomavecnamrsociet,1
banqu,1
energetique,1
preoccupations,1
tete,1
u,1
gramme,1
tesla,1
carburer,1
investigation,1
rtbf,1
march,1
ladaptation,1
réseal,1
2023lirainflation,1
reduction,1
arm,1
soutient,1
billion,1
vot,1
congre,1
opération,1
espoir,1
osmotique,1
conclusion,1
téméraire,1
poutin,1
retarder,1
naissance,1
douloureux,1
ordre,1
apercevoir,1
owlyyrpm50mua5u,1
interesting,1
offshoreenergybizhydrogen,1
hydrogéner,1
évolution,1
quaucune,1
humaine,1
chami,1
acte,1
fredericmotte,1
radiofrancefrfrancecultur,1
jeanpaulmulot,1
radiofrance,1
choc,1
facilité,1
rapide,1
ciblé,1
weforumorgeventsworldeco,1
stupidité,1
lfi,1
faim,1
siècle,1
approche,1
elyser,1
länder,1
strasbourg,1
rev3,1
v2,1
ignorer,1
reporterrenetpetroleetpa,1
fraction,1
exploité,1
marin,1
iron,1
mémo,1
polémique,1
alberta,1
rccash2gxc,1
lambassadeur,1
dalgéri,1
présenté,1
participation,1
13,1
session,1
lassemblé,1
démarcher,1
hydraulique,1
ledauphinecomsociete2023,1
vieux,1
saintjeoireprieuré,1
celuilà,1
strategiqu,1
incontester,1
tweeter,1
dis,1
inciter,1
mathieuslamer,1
régression,1
instructif,1
introduction,1
fdescrozaill,1
exergue,1
fabricant,1
pgc,1
attirer,1
horssujet,1
bouquin,1
agne,1
tax,1
immense,1
direction,1
écrir,1
parisien,1
nai,1
faiblement,1
ex,1
darrêter,1
maintenir,1
fiction,1
seul,1
réprimander,1
reportage,1
cargo,1
refuser,1
tobin,1
riche,1
shift,1
ultra,1
project,1
chiffr,1
erroner,1
tape,1
luimême,1
dagglomération,1
basque,1
communautepb,1
elener,1
horizon2020,1
cc,1
uefrance,1
clesdelatransitionorgacteu,1
consensusalors,1
liberationfrenvironnement,1
vraie,1
patri,1
florid,1
forschen,1
playgooglecomstorebook,1
strik,1
simp,1
aimant,1
lesechosfrindustrieservic,1
lesecho,1
département,1
für,1
event,1
die,1
régulièrement,1
étuder,1
structurant,1
bundesregierungdebregdet,1
millard,1
dingue,1
sas,1
eva,1
rohfritsch,1
pia,1
zad,1
chemin,1
impitoyablement,1
évacuer,1
cul,1
pardessus,1
bingo,1
politiquement,1
correct,1
éclairer,1
raisonner,1
démarch,1
volontariste,1
démocratique,1
davenir,1
piquer,1
dilapider,1
souhait,1
raccourcir,1
réacteur,1
oeuvre,1
faite,1
sagit,1
lpcafomb2psharingtrue,1
déploiement,1
disposition,1
constituer,1
soumettre,1
mononeclicnewscomr43y432,1
canada,1
deus,1
traître,1
applenewsasfl9cnjuqswmtre,1
xdc40xd83dparissi,1
administratif,1
souhaiton,1
occupez,1
pjlnucléair,1
traîn,1
concourir,1
enfinity,1
global,1
renforcer,1
presence,1
lelezardcom,1
finalis,1
lacquisition,1
portefeuill,1
operationnel,1
mw,1
bitly3zs4rnp,1
goletelegrammefrp7ut,1
goletelegrammefr3kwc,1
impératif,1
œuf,1
domelette,1
dominiqu,1
socialiste,1
lurgence,1
ifttt20faph6,1
auvergne,1
fir,1
betriber,1
daccompagner,1
luxembourg,1
wortlufrluxembourgunvir,1
accéder,1
initiative,1
ceo,1
créon,1
ontarien,1
tarder,1
potier,1
gomeretmarinecombx,1
alerte,1
prog,1
décryptage,1
hausse,1
lesechosfrfinancemarche,1
pjlenr,1
bloqueron,1
refuson,1
permett,1
lindispensabl,1
ecologistesan,1
abstenir,1
attendre,1
navett,1
composer,1
whisper,1
dhorizon,1
courriel,1
oebcawhatsnew,1
barrage,1
daffronter,1
cailletaud,1
leces,1
programm,1
activité,1
transférable,1
courtmoyenlong,1
perd,1
allier,1
rappell,1
hésiter,1
biénergie,1
foyer,1
québécois,1
consommer,1
électron,1
marieclair,1
coopératif,1
offrirdelavaleur,1
lémergence,1
saluer,1
implication,1
accru,1
party,1
prenant,1
déterminer,1
résilience,1
réunion,1
afdbgroup,1
2022aec,1
consulter,1
microsit,1
didev,1
tinyurlcom2jt8rag9,1
concurrence,1
néc,1
actu,1
déménager,1
hsbc,1
atlantique,1
optimiser,1
gull,1
atlantic,1
loop,1
relatif,1
fonctionnemer,1
marinetondelier,1
bonsplans,1
cord,1
pendre,1
tousser,1
canton,1
rozoy,1
sontelle,1
fil,1
acheminer,1
décennie,1
particulier,1
progressif,1
job,1
friend,1
lhéritage,1
famill,1
dépendre,1
lhiver,1
vendredi,1
relâcher,1
déconomie,1
arabnewsc34up,1
laugmentation,1
opportuniter,1
rémunérer,1
flexibilité,1
tarif,1
rouge,1
accompagn,1
m2rihdf,1
gré,1
incompétent,1
sot,1
labri,1
macroni,1
macronistan,1
energycrisi,1
criseenergetiqu,1
monstrueux,1
dezoom,1
aménager,1
einstein,1
gare,1
mairie,1
bénéfique,1
nuir,1
nette,1
importateur,1
hautsdefrance,1
tantôt,1
gèrer,1
moral,1
balle,1
golfe,1
fraude20,1
lignit,1
accepter,1
nestce,1
saggraver,1
fermeture,1
souffl,1
tt,1
gb,1
fass,1
pareil,1
subventionner,1
nen,1
provincial,1
mercur,1
pluslapressecascreens5d0,1
denvoi,1
cégep,1
bitly3xj9nfl,1
écœurer,1
lapressecadebatseditoriau,1
métonne,1
ke,1
invest,1
pskil,1
admettre,1
pyrogenèse,1
signatur,1
conglomérat,1
pyrogenesi,1
lapresseplus,1
philippe,1
sustainability,1
gisement,1
parissi,1
opendatapari,1
ceisstrat,1
parissipagelinkdhtx,1
préférer,1
énergiesrenouvelable,1
institut,1
compéter,1
effectivement,1
leparisienfrenvironnement,1
lkab,1
jeudi,1
identifier,1
kiruna,1
suède,1
sustainablemanufacturing,1
protégeon,1
définir,1
fu,1
brasser,1
souci,1
machine,1
air,1
reportag,1
pasdecalai,1
greenpeac,1
idéal,1
odyseecomyannicktascand,1
odysee,1
odyseeteam,1
mobiliser,1
travaille,1
bien,1
valoir,1
genre,1
attend,1
levenement,1
et,1
france2,1
jlmelenchon,1
lavoixdelestcaactualitepo,1
lenouvellistecaactualitep,1
lequotidiencomactualitepo,1
latribunecaactualitepolit,1
ledroitcomactualitepoliti,1
lesoleilcomactualitepolit,1
aventure,1
dabord,1
balancer,1
différence,1
content,1
lentreprise,1
plombier,1
reuterscombusinessenergy,1
