mots,fréquence d'apparition en Mars
ministre,48
énergie,45
france,43
nucléaire,40
projet,33
solaire,31
climatique,28
grand,26
métal,26
financer,22
milliard,19
public,19
écologique,19
vert,19
électrique,18
monde,18
besoin,18
transitionenergetiqu,18
plan,18
biden,18
économie,17
nouveau,16
accord,16
accélérer,16
investissement,16
éolien,15
entreprise,15
climat,15
temps,15
soutien,14
gouvernement,14
mondial,14
charbon,14
retraite,13
trouver,13
prendre,13
agnesrunacher,13
pannierrunacher,13
devenir,13
durable,12
futur,12
prix,12
utiliser,12
social,12
agnès,12
français,12
industrie,12
central,12
carbone,12
produire,12
question,12
rdc,12
politique,12
renouvelable,12
loi,12
der,11
von,11
cobalt,11
leyen,11
secteur,11
gagner,11
important,11
allemagne,11
fossile,11
moyen,11
falloir,11
québec,11
budget,11
recherche,11
critique,11
réchauffemer,11
nécessaire,10
président,10
transport,10
chose,10
développement,10
cours,10
faveur,10
terme,10
continuer,10
électricité,10
arriver,10
agir,10
macron,10
européen,10
cacher,10
modèle,10
lutte,10
réduire,10
solution,10
essentiel,10
citoyen,10
vie,9
minerai,9
acteur,9
fort,9
défi,9
passer,9
rapport,9
batterie,9
urgence,9
réforme,9
guerre,9
cas,9
métier,9
allemand,9
permettre,9
économique,9
actuel,9
dénergie,9
scénario,9
venir,9
numérique,9
risque,9
propre,8
voiture,8
savoir,8
écolo,8
pouvoir,8
partir,8
stratégie,8
aurore,8
lallemagn,8
national,8
matière,8
voir,8
energie,8
annoncer,8
ursula,8
vouloir,8
giec,8
devoir,8
lélectricité,8
consommation,8
bel,8
total,8
construire,8
parler,8
réseau,8
deuro,7
lemondefreconomiearticle,7
service,7
coût,7
exploitation,7
annonce,7
ue,7
lénergie,7
réussir,7
servir,7
revenir,7
inflation,7
colossal,7
vrai,7
financement,7
finance,7
partie,7
réduction,7
compte,7
energetiqu,7
véhicule,7
engie,7
soutenir,7
proposer,7
enjeu,7
mal,7
leader,7
viser,7
déficit,7
sûr,7
majeur,7
changement,7
regarder,7
ministère,7
rôle,7
dire,7
coopération,7
million,7
partout,7
rencontre,6
particuliersengiefrmonpr,6
engiepartfr,6
joe,6
intérêt,6
léolien,6
santé,6
pari,6
kiloact,6
jagisavecengie,6
promouvoir,6
monprogrammepouragir,6
dici,6
production,6
long,6
demain,6
mettre,6
campagne,6
répondre,6
partenariat,6
pétrole,6
système,6
céter,6
expliquer,6
région,6
histoire,6
mine,6
souhaiter,6
engagement,6
gagnant,6
protéger,6
capacité,6
jeune,6
latribunefrentreprisesfin,6
échange,6
mesure,6
faux,6
année,6
génération,6
débat,6
train,6
difficile,6
ménage,6
stratégique,6
industriel,6
afrique,6
technologie,6
population,6
programm,6
conférence,6
participer,6
donner,6
baser,6
unlock,6
américain,6
lithium,6
conséquence,5
minier,5
washington,5
gramme,5
aller,5
délétère,5
lire,5
dépense,5
impôt,5
vendredi,5
souveraineté,5
attendre,5
retard,5
femme,5
priorité,5
échec,5
fonds,5
réussite,5
atteindre,5
transition,5
concurrence,5
thermique,5
visite,5
contribuer,5
parc,5
mois,5
miner,5
environnement,5
ligne,5
fin,5
priver,5
dette,5
base,5
société,5
aider,5
impact,5
vague,5
co2,5
problèm,5
entendre,5
présent,5
verser,5
réaliser,5
commission,5
intérieur,5
lhydrogène,5
créer,5
situation,5
petit,5
domaine,5
nupe,5
opportunité,5
préférer,5
matin,5
adapter,5
accompagner,5
article,5
panneal,5
ne,5
travail,4
réalité,4
bordeaux,4
territoir,4
découvrir,4
europ,4
ministèr,4
cadr,4
massif,4
fédéral,4
contraire,4
changer,4
propos,4
signer,4
lalibrebeeconomieconjonct,4
argument,4
penser,4
nuke,4
source,4
justice,4
décarbonation,4
commun,4
polqc,4
pétrolier,4
assurer,4
prise,4
vidéo,4
europe,4
caq,4
lier,4
donne,4
construction,4
réel,4
premier,4
jouer,4
affaire,4
salaire,4
t,4
meilleur,4
historique,4
classe,4
utile,4
pénurie,4
défendre,4
territoire,4
irréalisable,4
événement,4
local,4
organiser,4
salle,4
majorité,4
dépendance,4
relation,4
élu,4
groupe,4
innovation,4
chin,4
intelligent,4
engager,4
poursuivre,4
super,4
thèm,4
actuellement,4
consultation,4
accueillir,4
sil,4
commencer,4
sobriété,4
nom,4
action,4
renforcer,4
extraire,4
communiquer,4
pétrol,4
commercial,4
thread,4
éviter,4
agricole,4
ukrain,4
prochain,4
travailler,4
bitcoin,4
peuple,4
alternance,4
recrutement,4
efficace,4
enjeux,4
bloquer,4
nécessiter,4
verte,4
transitionenergétiqu,4
crédit,4
porter,4
favoriser,4
déchet,4
occasion,4
Monsieur,4
constituer,4
écologie,4
arrêter,4
sobriéter,4
leparisienfrparis75greve,4
réserve,4
cgp,4
aéroport,4
filière,4
mer,4
intéressant,4
changemer,4
tenir,4
dernier,4
lon,4
justement,4
fabrication,4
rénovation,4
relocalisation,4
monsieur,4
client,4
cap,4
voter,4
environnemental,4
discuter,4
russie,4
connaître,4
emmanuel,4
libéral,4
texte,4
sortir,4
écouter,4
objectif,4
payer,4
emploi,4
réunion,4
plaisir,4
bâtiment,4
banque,4
us,4
stéphant,4
électrification,4
clé,4
poitier,4
forcément,4
greenpeac,4
correspond,3
financier,3
aujourdhui,3
user,3
menu,3
minéral,3
libre,3
transformation,3
qc,3
conseil,3
leurope,3
importer,3
député,3
manqu,3
rassembler,3
icicarecrut,3
cdi,3
job,3
envie,3
dagir,3
installer,3
animonslemond,3
considérer,3
vent,3
baiss,3
présenter,3
pourvoir,3
prévoir,3
lemondefr,3
con,3
étape,3
profiter,3
caronaymericoff,3
modeste,3
carburant,3
commune,3
crucial,3
choix,3
lextraction,3
canader,3
inutile,3
affirmer,3
crédible,3
optimiste,3
fondamental,3
charger,3
moteur,3
quil,3
estimer,3
acquérir,3
signant,3
rte,3
crise,3
nickel,3
fond,3
cœur,3
indiquer,3
lallemagne,3
imbécile,3
sagit,3
freuronewscom20230311,3
dêtr,3
demander,3
samedi,3
détail,3
nomandi,3
trendslevifbeopinionschr,3
territorial,3
programmer,3
key,3
lîledefrance,3
contrôle,3
blanc,3
kérosèn,3
edf,3
marché,3
autoroute,3
détient,3
lapprovisionnement,3
vite,3
bus,3
gvt,3
déviter,3
chèqu,3
province,3
congo,3
investir,3
indique,3
pétition,3
renovationperformant,3
totalement,3
centre,3
chauffage,3
endetter,3
irresponsable,3
v,3
impossible,3
présence,3
chaire,3
siècle,3
autour,3
facile,3
pratique,3
effort,3
condition,3
ambitieux,3
coup,3
partager,3
interdir,3
promettre,3
fiscal,3
semaine,3
offrir,3
démocratie,3
lépargne,3
maroc,3
rdv,3
presse,3
lenergie,3
émission,3
prod,3
mercredi,3
exister,3
budget2023,3
formation,3
entier,3
qualité,3
contexte,3
doute,3
energy,3
ps,3
référence,3
cause,3
décarboner,3
conseiller,3
implantation,3
davoir,3
faute,3
protection,3
berlin,3
habitant,3
zéro,3
bilatéral,3
salon,3
risible,3
discussion,3
euro,3
algérie,3
influenceur,3
prétendre,3
sérieux,3
rendre,3
reculer,3
étude,3
montrer,3
aggraver,3
mobiliser,3
eelv,3
membre,3
commerce,3
école,3
alimenter,3
minière,3
indispensable,3
mignerot,3
philipp,3
perdre,3
violence,3
remplacement,3
bcp,3
croi,3
thierry,3
université,3
chaleur,3
hier,3
lignite,3
augmenter,3
edfre,3
tonne,3
rejeter,3
port,3
quantité,3
manquer,3
résultat,3
fallacieux,3
minimum,3
échanger,3
publier,3
rencontrer,3
capital,3
ds,3
photovoltaïque,3
jour,3
organisme,3
jen,3
répartition,3
côté,3
agenda,3
journée,3
étatsunis,3
peutêtre,3
pdg,3
limite,3
ministr,3
vincent,3
sauver,3
accompagn,2
peur,2
formidablement,2
scandale,2
illégal,2
éric,2
jusquau,2
sincère,2
socialiser,2
envoyespecial,2
seacleaner,2
table,2
reconstituer,2
norme,2
perenco,2
science,2
bobo,2
réagir,2
compétitivité,2
italie,2
macronie,2
typ,2
balance,2
chef,2
francoquébécoise,2
pauvreter,2
slogan,2
net,2
pompe,2
canadien,2
contraindre,2
odyseecomflora8armescl,2
exiger,2
magazinemcicom20230331u,2
absurde,2
laccélération,2
intervenir,2
favorablement,2
stopper,2
nont,2
misèr,2
producteur,2
flux,2
wef,2
covid,2
model,2
marcher,2
vue,2
tête,2
rimini,2
etatsuni,2
propulsionqc,2
indépendance,2
discour,2
croire,2
rtbfbearticlelesetatsun,2
journalecomaitalielatran,2
quen,2
personnel,2
vonderleyen,2
commentaire,2
promesse,2
mond,2
outil,2
info,2
manière,2
ignorant,2
mode,2
approche,2
lammoniac,2
décider,2
truc,2
gros,2
extrair,2
ouestfrancefrenvironnemen,2
soir,2
bymaddynes,2
expédition,2
reprendre,2
gréviste,2
pipedvideowatchvfkimqld3,2
guyhoquetapibotsiocontent,2
pitron,2
îlesdelamadeleine,2
guillaume,2
formidable,2
moment,2
bip,2
legault,2
digital,2
améliorer,2
cryptomonnai,2
parti,2
pact,2
inscrire,2
association,2
acte,2
degré,2
coin,2
ider,2
responsable,2
menac,2
mouvement,2
renforcement,2
réquisitionner,2
editorsource,2
lallemand,2
naver,2
conclure,2
let,2
budgetcanada2023,2
moderniser,2
soin,2
genèv,2
amont,2
peutil,2
peutell,2
canon,2
envoyer,2
compter,2
lex,2
héritier,2
grandduc,2
sar,2
remerciement,2
séri,2
lévolution,2
coalition,2
jo,2
delle,2
lentrepris,2
afp,2
terre,2
homologue,2
développer,2
illusoire,2
oser,2
site,2
intéresser,2
rtbfbearticleawashington,2
lintérêt,2
gabbanaelcom,2
kieffer,2
ale,2
ambition,2
regard,2
jusquà,2
ratp,2
rer,2
enfant,2
iae,2
devon,2
xxiè,2
systématiquement,2
nation,2
édition,2
écologiste,2
coûter,2
md,2
anner,2
remplacer,2
francoislegault,2
rater,2
tard,2
âge,2
réindustrialisation,2
lesechosfrideesdebatsedi,2
efficient,2
bruxelle,2
heure,2
fail,2
daccord,2
bref,2
leçon,2
expert,2
transsexuation,2
départ,2
deuxsevre,2
fermer,2
reconstruction,2
fonctionnaire,2
nier,2
poste,2
émergent,2
niveau,2
bac,2
maritime,2
briefing,2
portuaire,2
contextetransp,2
désinformation,2
décision,2
terminal,2
circulaire,2
sert,2
léducation,2
rester,2
tank,2
infrastructure,2
microprocesseur,2
atelier,2
lancer,2
bap,2
heureux,2
ressource,2
bape,2
volonter,2
quebecnouvellesinfovolkswa,2
dégager,2
nicolaslachance,2
droit,2
justifier,2
prévision,2
mythe,2
levier,2
lejddfrpolitiqueagnespan,2
intersyndical,2
ecolo,2
privé,2
cea,2
réchauffement,2
citaient,2
promotion,2
cadeal,2
contrat,2
cs,2
dérèglement,2
march,2
magouill,2
liste,2
max,2
produit,2
appliquer,2
large,2
exubérance,2
sauzeau,2
sociétésénergie,2
chauffer,2
déplacer,2
nace,2
aspect,2
iut,2
davantage,2
défend,2
épargne,2
mckinsey,2
prolongation,2
belgiqu,2
têteàtête,2
pertinence,2
suggérer,2
accompagnemer,2
carboneutralité,2
vision,2
chérir,2
hudon,2
akonovia,2
lesaffairescomstrategied,2
court,2
inégalité,2
limiter,2
lécologie,2
rouler,2
minage,2
hauteur,2
souhaitable,2
dommage,2
green,2
citer,2
laccord,2
ge,2
ignorer,2
mwc,2
illustre,2
aid,2
stabilisation,2
dilemme,2
confronte,2
balade,2
thermographique,2
emprunter,2
retrouver,2
nexist,2
borne,2
poche,2
fabriquer,2
descroc,2
extrême,2
réellement,2
lélit,2
mondialiste,2
générer,2
combustible,2
élevé,2
pôle,2
étudiant,2
suicide,2
moyenne,2
sécurité,2
parvenir,2
link,2
augmentation,2
act,2
jaurai,2
acceptabilité,2
perspectif,2
hauss,2
6h30,2
apollinematin,2
apollinewakeup,2
7h15,2
7h40,2
eau,2
lm,2
cantosperber,2
chute,2
moniqu,2
lopinionfr,2
installation,2
puissance,2
chronique,2
daction,2
chine,2
paysba,2
bitly3mghoig,2
mondialisation,2
sg,2
nimporte,2
bonjour,2
nucleair,2
future,2
ami,2
lemondefrideesarticle202,2
montant,2
pro,2
salair,2
étudier,2
polluer,2
doù,2
raison,2
loin,2
lesecho,2
hydrogène,2
biogaz,2
rendement,2
moquer,2
accès,2
vivre,2
députer,2
subvention,2
baisse,2
international,2
scientifique,2
rentable,2
installé,2
tombe,2
taxe,2
ville,2
vache,2
rouer,2
boomer,2
double,2
déja,2
lutter,2
problème,2
prôner,2
rouge,2
adoption,2
visiblement,2
chèque,2
éligible,2
bouger,2
lundi,2
planèt,2
rmc,2
chèqueenergie,2
usage,2
tribune,2
pilier,2
neutralité,2
carte,2
soutenable,2
décarbonisation,2
rêve,2
éducation,2
documentaire,2
moitié,2
létat,2
prestation,2
lobby,2
privilège,2
budgetqc2023,2
mener,2
argent,2
actif,2
problématique,2
comprend,2
choc,2
youtub,2
sénat,2
carburer,2
ceraweek,2
cadre,2
voix,2
limpact,2
ensembl,2
période,2
ex,2
adaptation,2
synthèse,2
backup,2
pencher,2
bio,2
dautre,2
côte,2
pollution,2
traval,2
peuton,2
forme,2
paradigme,2
gestion,2
consacrer,2
proposition,2
pipedvideoshortswacszaqner,2
dépenser,2
lantiquité,2
engiegroup,2
bénéficier,2
mérite,2
renoncer,2
placer,2
parlement,2
paix,2
principe,2
panneau,2
appeler,2
dinvestissemer,2
aide,2
sappuyer,2
zone,2
emmanuelmacron,2
logement,2
houston,2
chambre,2
fuel,2
secrétaire,2
linflation,2
corse,2
greenwashing,2
avancer,2
humain,2
lancement,2
livre,2
requérir,2
métropole,2
volonté,2
cinquième,2
change,2
oublier,2
individuel,2
monopole,2
équipe,2
annuel,2
cfie,2
ingénieur,2
essayer,2
charbongaz,2
porte,2
conjuguent,2
féminin,2
20h,2
journer,2
comble,2
valoriser,2
séminair,2
fille,2
équilibre,2
présentation,2
nicolas,2
dimpôt,2
égal,2
esprit,2
délectricité,2
fondation,2
vill,2
agriculture,2
poser,2
gâteau,2
impliquer,2
scholz,2
chance,2
lever,2
complètement,2
pâte,2
denr,2
traite,2
arger,2
point,2
pauvre,2
escroc,2
raisonner,2
seul,2
faire,2
encourager,2
réalisation,2
signature,2
refuser,2
préparer,2
tour,2
transitionénergétiqu,2
capable,2
croissance,2
mou,2
pronostique,2
régime,2
cuve,2
escroquerie,2
appelle,2
météo,2
réfléchir,2
jeudi,2
cuivre,2
entrepreneuriat,2
réponse,2
peser,2
biais,2
récemment,2
cercle,2
détriment,2
rappell,2
élément,2
appel,2
reportage,2
quun,2
décroissant,2
respect,2
hausse,2
linstabilité,2
bitlycomplementdenquete,2
maprimerénov,2
ouer,2
réflexion,2
commettr,2
pipedvideolivefkimqld3yq,2
flamber,2
decarboner,2
avenir,2
franc,2
lirréparabl,2
sècheress,2
énormément,2
senlis,2
accélération,2
congrès,2
uni,2
accorder,2
pertinent,2
comprendre,2
fier,2
république,2
accepter,2
détude,2
émettre,2
lindustrie,2
terr,1
rapm,1
redescendre,1
aifq,1
cou,1
jeunesse,1
influenceron,1
véritable,1
supplémentaire,1
goodnew,1
pipedvideocxexvj8qkns,1
psychopathe,1
manipulation,1
chaos,1
onu,1
momer,1
quebecfr,1
débarrasser,1
tran,1
ruine,1
hong,1
kinshasa,1
défaire,1
inconsidérer,1
vice,1
technologiequ,1
ofqj55,1
vietnam,1
déplétion,1
doux,1
fourguer,1
cominier,1
réception,1
passez,1
grégoir,1
adjoint,1
mairie,1
8h10,1
hu,1
cop24,1
marx,1
cami,1
kurtyka,1
étoiler,1
umih,1
michał,1
sicomin,1
retraité,1
prévoit,1
societal,1
tal,1
30md,1
structurel,1
accélèr,1
agenceecofincommines2203,1
fichue,1
dia,1
franceqc,1
fsanchez,1
mboisvertdg,1
chinois,1
francequebec,1
culture,1
jeuness,1
69èm,1
autonomie,1
approvisionnemer,1
sécurisation,1
permanent,1
diplomatique,1
diversification,1
avz,1
lnkdind6kfdfnp,1
congolais,1
bonheur,1
amazoncomdpb078fbj9z4,1
bwihvkb,1
edition,1
french,1
numeriqu,1
coprésider,1
lll,1
asanscartier,1
immense,1
enragé,1
texpliquer,1
prévue,1
croyance,1
décrédibiliser,1
plate,1
mard,1
buffly3lm6irw,1
message,1
ministériel,1
cfdt,1
ufetam,1
mtect,1
mte,1
énergétiquemer,1
mobilisation,1
accentuer,1
enfonce,1
québécois,1
fondapolorg,1
identité,1
cruyff,1
richesse,1
refléter,1
buffly3nic4mj,1
apercevoir,1
donnée,1
dynamo,1
suffire,1
laprèspoutine,1
franed,1
fondapol,1
think,1
progressiste,1
expertise,1
maîtris,1
clou,1
cfdtufetamorgmessageenvo,1
quagnès,1
lider,1
lleparisienfrrpg1,1
saiton,1
millilitre,1
nuire,1
associer,1
stockag,1
banaliser,1
termeson,1
sceptique,1
réfléchie,1
informer,1
demande,1
abandonner,1
ninterdis,1
parisien,1
revanche,1
panier,1
rheu,1
stratégie12,1
minsistr,1
penuriecarburer,1
coupuresedf,1
joséphine,1
baker,1
bretagn,1
durer,1
hall,1
solariser,1
kwc,1
emeraudesolair,1
sde35,1
indéfiniment,1
zircon,1
chrom,1
platine,1
trent,1
recevoir,1
permanence,1
pessac,1
cestader,1
hubert,1
delzangle,1
scpob,1
soccuper,1
seratil,1
bientôt,1
soluble,1
impacteron,1
rond,1
aixenprovence,1
arrimer,1
russe,1
lénergierenouvelabl,1
energynewsprolegrandport,1
voyage,1
dubaï,1
sengagent,1
girond,1
verdonsurmer,1
energierenouvelabl,1
emprunte,1
fesse,1
luxembourg,1
rejoigneznou,1
bric,1
ev,1
désolidariser,1
peau,1
lamarseillaisefrenvironnem,1
royaume,1
laperçu,1
atlanticofrarticledecrypt,1
lanisplu,1
bulletin,1
bit,1
molécule,1
révolution,1
atlanticofr,1
fenêtre,1
boire,1
isolation,1
incitation,1
tribuneecocgp1743,1
ep,1
législation,1
opinion,1
calic,1
frondeursil,1
création,1
chapeau,1
richess,1
boralexinc,1
metton,1
énergier,1
transformer,1
rejoigneznous,1
pib,1
stupidité,1
linvestissement,1
tierspayantgénéraliséloi,1
transitionénergétiquerevalorisationpointdindiceemploisdavenir,1
noncumul,1
mandatsetc,1
attentat,1
transitionecologiqu,1
débloquer,1
somme,1
quimpose,1
dictateur,1
félicitation,1
collabo,1
desclavagisation,1
christophebechu,1
acharné,1
nullement,1
punitif,1
neffac,1
fanatique,1
pastèque,1
extérieur,1
dexception,1
heureusement,1
saluer,1
serveur,1
dignité,1
dallemagn,1
bigdatala,1
inscrivezvou,1
owlyjsl750mtzfm,1
genevois,1
vertlibéral,1
patronat,1
fortun,1
pfu,1
cice,1
cir,1
imiter,1
40md,1
mrs,1
iraitil,1
renaissancemodem,1
souher,1
majoriter,1
applaudir,1
linterdiction,1
dangereux,1
manœuvre,1
vieillissemer,1
nombre,1
maindœuvre,1
janvovici,1
faloriser,1
xdcc2xd83dinga3,1
giecler,1
scrupul,1
atteinte,1
2040on,1
espérer,1
inga3,1
discussier,1
geidcoofficial,1
marge,1
sale,1
coconstruction,1
nucléocrat,1
riche,1
inégal,1
planète,1
sauf,1
nulle,1
écarter,1
convention,1
mdh,1
oujda,1
trésor,1
relever,1
oriental,1
ecoactumaoujdauneconvent,1
soumettre,1
considéron,1
stockaged,1
épaul,1
rentrer,1
lallemande,1
naître,1
déploiement,1
born,1
gw,1
multiplier,1
fixer,1
apôtre,1
atom,1
défense,1
option,1
antitransition,1
antiesg,1
centraliser,1
bfmtvcomeconomieentrepri,1
démission,1
champ,1
berger,1
décentralisation,1
laurent,1
horizon,1
conclusion,1
efficacité,1
tjs,1
prend,1
utopique,1
rout,1
nuc,1
correct,1
prodmckinseydecapabilitie,1
mobiletwittercomisgermany,1
documenter,1
poursuivon,1
cuisant,1
attractiviter,1
démago,1
énorme,1
concrètement,1
fonctionnent,1
sucrerie,1
voisin,1
princip,1
déconomie,1
framatome,1
polemiquez,1
verdon,1
egefrinfoguerrelesenjeux,1
chemin,1
combler,1
prisme,1
sortent,1
jeanpascal,1
tricoir,1
bitly3yq05gv,1
cogénération,1
biomass,1
réseal,1
particulariter,1
filièr,1
parole,1
délu,1
nvelleaquitain,1
mobiliter,1
métropolitain,1
lgv,1
desserte,1
dlvritskkl7h,1
ferrocampus,1
régénération,1
matériel,1
alrousset,1
news,1
mobilitesnewstankfrarticl,1
simposent,1
france24comfrvidc3a9o2,1
etudiantlefigarofrarticle,1
dhorizon,1
myriamrolland,1
amené,1
chômage,1
radier,1
lzs,1
cac40,1
savon,1
fumisterie,1
aimer,1
lécoute,1
écoute,1
acter,1
confiance,1
club,1
partibreton22,1
joannicmartin,1
déchanger,1
fnccr,1
10aines,1
nuk,1
crédibilité,1
livrer,1
flamanvill,1
blackout,1
effacer,1
concentrer,1
bce,1
combattre,1
quentindeforge,1
martinebillard,1
programme,1
auj,1
thème,1
pipedvideowatchvh2c9rk,1
ajeasso,1
organis,1
brunolemair,1
gagne,1
francoislangot,1
malmbergselma,1
hairault,1
parisdauphine,1
cepremap,1
tâche,1
manu,1
commence,1
gaspiller,1
leau,1
enedis,1
manifestant,1
rse,1
tourner,1
electrification,1
terrain,1
machine,1
pipedvideojcrdvwn3ony,1
redresser,1
lartist,1
ruissellemer,1
lplapresse,1
discrimination,1
hf,1
lgbt,1
racial,1
lapressecacontexte202302,1
capitalisme,1
bra,1
linitiativ,1
lopinionfreconomietransit,1
joebiden,1
embaucher,1
industrialiser,1
lobbying,1
ext,1
route,1
bourreal,1
additionnel,1
lendemain,1
publication,1
synthès,1
6ème,1
gaver,1
rwanda,1
reduction,1
ème,1
généreux,1
localement,1
pourlecocommondeiraprote,1
xix,1
fonctionne,1
levertmakey2023fairele,1
budgetsession2023,1
fleur,1
restaurant,1
conservateur,1
concession,1
méprisant,1
mauvais,1
foi,1
malhonnête,1
démagogique,1
catastrophe,1
exorbiter,1
énergétique,1
danger,1
quitton,1
polluant,1
10x,1
niv,1
force,1
différence,1
lentoure,1
légalité,1
pfizer,1
gard,1
fou,1
vi,1
vis,1
quitter,1
gauche,1
détonner,1
sudx000dgironde,1
concret,1
échelle,1
énergétiquex000dd,1
gratuit,1
voltalisx000dsont,1
lnkdinea6dmwgt,1
lessence,1
réveill,1
300mds,1
rétablissement,1
populiste,1
posséder,1
politiciennesx,1
pourrir,1
démocrate,1
saccrocher,1
branche,1
soirée,1
mêler,1
électro,1
ph,1
dussart,1
rajouter,1
caducité,1
précédent,1
normandi,1
méditerranéen,1
satoshi,1
plq,1
role,1
boxeur,1
dam,1
négociation,1
dolaf,1
sapparent,1
victoire,1
lendettement,1
rude,1
daugmenter,1
soulever,1
préoccupation,1
lereperenetcontentpermai,1
spécial,1
30mrds,1
chiffre,1
veritabl,1
lassurance,1
rappeler,1
beneconstan,1
rapporter,1
liquide,1
lassurancevie,1
détenu,1
dinvestissement,1
farouchement,1
attacher,1
liquidité,1
violemment,1
averse,1
livret,1
assureur,1
dassureur,1
lexempl,1
sinspirer,1
bout,1
rigolo,1
skull,1
extraordinaire,1
caressetell,1
sen,1
poil,1
estelle,1
conscient,1
tarer,1
colette,1
mention,1
pap,1
damné,1
coltan,1
congokin,1
sousmédiatiser,1
élevag,1
vomir,1
julienfouchet,1
position,1
cdenquet,1
convaincr,1
interlocuteur,1
ndiaye,1
assene,1
opérer,1
théorie,1
prouver,1
attaqu,1
sendetter,1
lopposition,1
officiel,1
noovoinfonouvelleplqqueb,1
noovoinfo,1
echanges,1
berlinenergytransitiondialogue,1
remplacemer,1
tristanwaleckx,1
sengager,1
branch,1
i4ce,1
dentaire,1
songer,1
ottawa,1
80,1
lesaffairescomdossierbudg,1
polcan,1
axer,1
npd,1
excellent,1
insuffiser,1
groggy,1
rever,1
déterminant,1
lavenir,1
lorganisation,1
contradictoire,1
budgetcanada0023,1
dartifice,1
feux,1
introduit,1
ukrainien,1
tramway,1
desservie,1
sommesnou,1
gnl,1
dentrer,1
psp,1
gérera,1
lpcapiommmsharingtrue,1
javai,1
menfin,1
grave,1
keep,1
going,1
marquer,1
hydrogèn,1
dimpôts,1
incitatif,1
sembler,1
suspend,1
iciradiocanadacanouvell,1
equiterre,1
bémol,1
présente,1
verdissemer,1
cris,1
equiterreorgfrarticlescd,1
ftour,1
linkedincompostsactivity,1
iftttyeqnuxp,1
reporter,1
agressif,1
brun,1
syndiquéspayant,1
uppercut,1
raccordement,1
hydroquébec,1
ladepechefr20230212livr,1
attendronsnou,1
pr,1
assembleenationalefrdyn1,1
réindustrialiser,1
intermittent,1
msfr,1
remplaceraient,1
heur,1
cn,1
terresdeprogre,1
invité,1
matinal,1
sudradio,1
énième,1
volteface,1
dossier,1
substitution,1
entretenir,1
scratch,1
biométhane,1
grain,1
rajoutonsle,1
supprimer,1
dailleur,1
barbaratrachte,1
silicose,1
germinal,1
pac,1
compteur,1
grdf,1
lpoirierdietz,1
actuenvironnementcomaene,1
dépendant,1
loffre,1
dirigister,1
genre,1
pain,1
boulanger,1
homm,1
noter,1
climatefinance,1
lithiumla,1
gouvernance,1
corruptionnewsabamakocomh282057ht,1
conduire,1
pasdroit,1
marin,1
piquė,1
oupsss,1
régulation,1
squat,1
lukraine,1
tap,1
catastroph,1
symboliser,1
contrairement,1
considération,1
masochiste,1
leuro,1
largent,1
brader,1
sièg,1
lonu,1
passe,1
élaborer,1
relance,1
coïncidence,1
choisir,1
assembler,1
arnaque,1
dérive,1
foncia,1
devenu,1
minesmadagascar,1
fliquer,1
propriété,1
couteuse,1
piller,1
tranquillement,1
matric,1
reposer,1
jajaja,1
todo,1
por,1
mmexico,1
está,1
poniendo,1
fuerte,1
el,1
mercado,1
définition,1
osef,1
échouer,1
facture,1
casqu,1
cestàdir,1
trad,1
quatremer,1
redire,1
lfp,1
roulezelectriquecomlesnou,1
europenews,1
bitly3klo4p,1
ecofin,1
developmer,1
décor,1
agency,1
équateur,1
tinyurlcom2fkpz7fu,1
participez,1
grenobl,1
ecole,1
management,1
lucide,1
implacable,1
analyse,1
catastrophique,1
cgo,1
félicit,1
fruit,1
haleine,1
reconnaissance,1
diversiter,1
vier,1
écœurant,1
offusque,1
fabricant,1
entreprendre,1
contrepointsorg20230326,1
acheter,1
schist,1
quavant,1
grenobleem,1
thierryraevel,1
grenobleemcomagendalesr,1
envoyéspécial,1
bol,1
tropplein,1
ccigrenoble,1
clôt,1
farah,1
ghanmi,1
rcfiser,1
cciara,1
minute,1
soluccio,1
rcf,1
rcffractualitelaminute,1
pler,1
honte,1
voit,1
ras,1
entamer,1
twitter,1
certainement,1
amener,1
publicité,1
marchandise,1
dabord,1
sociéter,1
suv,1
modèr,1
déplacement,1
utilise,1
vélo,1
diffuser,1
image,1
dur,1
nassociez,1
régner,1
trajet,1
nice,1
gérant,1
gouverner,1
denquêt,1
pourron,1
reconstruir,1
qd,1
journalist,1
coupable,1
merdier,1
planification,1
stéphanois,1
glyphosate,1
nni,1
fessenheim,1
aer,1
oubli,1
initier,1
angeler,1
pannier,1
vise,1
pcq,1
lapport,1
affiche,1
rfrbzt5m8xaj,1
recrer,1
techologie,1
cler,1
dinterdir,1
dinvestir,1
pourraitil,1
runacher,1
mining,1
pulselydb552rj0du,1
malheureusement,1
médian,1
procéder,1
rapidement,1
merkel,1
perpétuée,1
metal,1
spécialité,1
picking,1
arreter,1
erreur,1
rempart,1
fascisme,1
brillant,1
politiquement,1
ân,1
bâté,1
pyromane,1
dépendre,1
ee,1
bonsoir,1
thomasdermine,1
propo,1
decherry,1
zapper,1
energétique,1
exprès,1
qur,1
puisquil,1
15c,1
dizaine,1
pince,1
paradis,1
flic,1
agonisant,1
labandon,1
régional,1
saguenaylacsaintjean,1
margoulin,1
léconomie,1
saglac,1
assnat,1
urb,1
lobservatoir,1
cruckejeanluc,1
inévitable,1
initiativ,1
réussie,1
generationlibreeumediasvo,1
paradi,1
um6ozayabwpreviewinfomania,1
xdca1xd83d,1
anticiper,1
domicil,1
bâti,1
arnaqu,1
sollicité,1
consommer,1
lithiumion,1
valoir,1
souffrance,1
homme,1
occident,1
suggèr,1
sensible,1
inconscient,1
opposer,1
regretter,1
dixit,1
découverte,1
btc,1
patel,1
complementdenquete,1
lexpertis,1
dhydrogène,1
xdd34xd83d,1
etat,1
démocratique,1
receler,1
périlleux,1
rassurezvou,1
fluvial,1
fachisme,1
barbarie,1
dispositif,1
prime,1
accessible,1
saftiapibotsiocontents10,1
traiter,1
rome,1
union,1
prospérité,1
21,1
repowereu,1
cc,1
uefrance,1
pierreloaec,1
jmglacher,1
observatoir,1
urbs,1
gouvernemental,1
xdce3xd83d,1
idéologie,1
dhabitat,1
fachism,1
racisme,1
démagogie,1
islamophobie,1
substrat,1
fragiliser,1
fréquent,1
dégradation,1
lieux,1
régression,1
spéculation,1
occasio,1
mentaliter,1
abuser,1
innover,1
alimenté,1
avis,1
discours,1
xdf21xd83c,1
désigner,1
déléguer,1
cantonal,1
lacotechvaudvaudadesign,1
dailymailcouknewsarticle,1
concours,1
emploi24maalwadifaconcour,1
montr,1
dialogu,1
maregionsudrenaudmuselier,1
cdenquete,1
carbon,1
bercy,1
economiegouv,1
pdharrevill,1
interministériel,1
vaud,1
vraie,1
tondelier,1
mobilité,1
washing,1
bagnole,1
fameux,1
lhumanité,1
caus,1
décès,1
detter,1
dégénération,1
niortagglo,1
aiffre,1
vocabulair,1
affich,1
constater,1
marqué,1
decarbonation,1
fossurmer,1
fosengrand,1
francenationverte,1
influence,1
creenergie,1
affirmatif,1
sûre,1
dell,1
ler,1
pénalisé,1
contribuable,1
consommateur,1
timetochange23,1
philippe,1
setbon,1
afgfrance,1
ceo,1
ostrumam,1
clôturer,1
montage,1
substantiel,1
remboursemer,1
initiative,1
épicerie,1
frais,1
optimisme,1
budgetcanadaca2023homea,1
lache,1
rentre,1
charge,1
lourd,1
initiépar,1
exemplece,1
chaîn,1
électriquesc,1
rénover,1
go,1
investit,1
owlyyh1k104amcg,1
assister,1
man,1
impliqu,1
favorable,1
wellin,1
dorganiser,1
dévénement,1
brebi,1
imaginer,1
scenario,1
moindre,1
wilkinson,1
volume,1
charbonpétrolegaz,1
monstrueux,1
bosse,1
làdessu,1
jlmelenchon,1
insuffisance,1
atomique,1
sujet,1
contrecourer,1
avance,1
lion,1
city,1
18,1
hybrid,1
pav,1
lign,1
bonimenteur,1
citeli,1
spec,1
mercedesbenz,1
citaro,1
c2,1
stagnation,1
sexpliquer,1
galeux,1
cherch,1
entourer,1
établir,1
gisemer,1
bas,1
explosion,1
guèr,1
quotidien,1
couette,1
bagage,1
culturel,1
résumer,1
ouioui,1
gomm,1
magique,1
al,1
gore,1
dérouler,1
tapis,1
main,1
trouve,1
place,1
larnaqu,1
marocnew,1
mar,1
marocvcomenergiesrenouvel,1
gemenn,1
téléphone,1
type,1
manifester,1
smartphone,1
lélectrique,1
largement,1
questionnabl,1
stephant,1
pipedvideoshortsq9uiv2fvo,1
h2,1
coller,1
controverser,1
ufrsher,1
camion,1
tiquer,1
malhonnêteter,1
clic,1
lobstination,1
dautrui,1
branché,1
électrifier,1
lhydro,1
macroniste,1
confier,1
faiilite,1
industrialisation,1
déolienne,1
damour,1
immigration,1
alimentaire,1
lindéfendabl,1
climaticid,1
polyuréthane,1
flou,1
surprise,1
perspective,1
unité,1
méthanisation,1
agriculteur,1
pleugriffet,1
pression,1
souspréfèt,1
pontivy,1
maire,1
communal,1
hydroélectricité,1
tordre,1
trouv,1
concept,1
pétrochimie,1
mousse,1
équivalent,1
nl,1
mairesprovence,1
visio,1
présentiel,1
flexibiliter,1
record,1
préparation,1
enchaîner,1
importance,1
etatsunis,1
démolir,1
humanité,1
technologique,1
tomber,1
entraîner,1
tradesdz,1
assidu,1
rfer,1
estimation,1
dév,1
appart,1
jisol,1
obligatoire,1
bitcoinpointfr,1
bitcoinfrbitcoinettransi,1
appropriation,1
candidatez,1
bruno,1
rejoindre,1
recrut,1
auecorsica,1
brocardi,1
porteparol,1
fédération,1
sapeurspompiers,1
souverainiste,1
éloigner,1
lemondefrplanetearticle2,1
lavoixdunordfr1299338arti,1
isgdg5eunx,1
emblèm,1
lesechosfrindustrieservic,1
éclairage,1
préfet,1
jjthomascanalblogcomarchi,1
aperam,1
isbergue,1
tolerable,1
raisonnable,1
apport,1
croissant,1
buffly3l9lqtp,1
trendslevifbealauneen,1
h24newsnrj,1
flashinfo,1
letat,1
abandonn,1
sudinfobeid631637article,1
sûrement,1
agenc,1
presseagencefrlettreecono,1
définitif,1
effectivement,1
transilien,1
snfc,1
senegal,1
kebetu,1
francetvinfofrmondeenviro,1
létud,1
sénégal,1
organisation,1
bitly3fgenuj,1
inaction,1
envoi,1
vicieux,1
méthode,1
embarquer,1
agencer,1
controlé,1
louer,1
éclairer,1
monarchie,1
labonnement,1
vè,1
activité,1
sens,1
mylif,1
iwillsurviv,1
diversifier,1
airbus,1
lexplosion,1
cout,1
euratom,1
messonge,1
ouvrir,1
convienn,1
ressembler,1
broyage,1
représenter,1
australien,1
auberge,1
fass,1
major,1
dauphiner,1
bp,1
reconsidérer,1
rythm,1
forbescomsitesdaneberhart,1
ecotre,1
balcon,1
dkambalg,1
évolution,1
industrygovdz,1
motion,1
saute,1
dissolution,1
élection,1
législatif,1
juin,1
retraire,1
ans40,1
annuité,1
exclu,1
blocage,1
héroïne,1
nationalisation,1
lefigaro,1
lefigarofrconjoncturelet,1
encourageon,1
censure,1
logique,1
enquête,1
suite,1
suicid,1
vapeur,1
lécolo,1
analyser,1
ardre,1
week,1
réunit,1
participant,1
continent,1
equilibrer,1
limage,1
aval,1
africain,1
principal,1
citation,1
texer,1
focal,1
élargisson,1
goletelegrammefrvzfy,1
passionnant,1
ccesoir,1
jmj,1
adopter,1
amusant,1
revoir,1
ann,1
lauvergeon,1
expdg,1
arever,1
protagoniste,1
respecter,1
film,1
lasyndicalist,1
alecmarseill,1
euporosinfolacommissione,1
précieux,1
iftttlbiohbj,1
destin,1
goletelegrammefrjbgc,1
pibpétrol,1
energynewspro,1
iftttworl4bn,1
fadi,1
wazni,1
lafriqu,1
leconomist,1
intimement,1
iftttqhplbwu,1
abondant,1
maison,1
iftttr5xoev9,1
ingénieure,1
deau,1
exigence,1
renforcemer,1
doloron,1
sourd,1
fiable,1
jeter,1
recyclable,1
polysilicone,1
pollueur,1
convaincre,1
eroi,1
braquet,1
hecenergie,1
chèqueénergie,1
pineau,1
pierreolivier,1
pipedvideogfjscj2mmiu,1
pow,1
pity,1
gav,1
rente,1
auterrive,1
lénergienotamment,1
hydrocarburesle,1
algerie,1
danemark,1
simulator,1
saha,1
min,1
recharge,1
réinstallation,1
écriture,1
lété,1
saint,1
passage,1
antériorité,1
cf,1
mn,1
taxation,1
profit,1
crypto,1
aberrer,1
câble,1
résistant,1
youtube,1
pipedvideowatchvjcrdvwn3,1
marinegdlr,1
latribun,1
stepher,1
lnkdinebvqhjw,1
sncf,1
lnkdinejqxpauf,1
énergéti,1
drastique,1
bagnolle,1
diminution,1
recharg,1
laver,1
raccorder,1
réécouter,1
durée,1
pncfrance,1
linsadelyon,1
bernardaccoyer,1
alumniinsalyonorgagenda,1
brignai,1
iesffrance,1
mds,1
colloqu,1
lagence,1
jni,1
rhône,1
infoflash,1
infoflashcominfoflashac,1
instaurer,1
bitly3qje3z2,1
quelqu,1
benali,1
jan,1
jambon,1
ministreprésident,1
flamand,1
exploring,1
carbonique,1
betterave,1
millier,1
kilomètre,1
remplie,1
pesticide,1
dorientation,1
budgétaire,1
consacron,1
30,1
discussing,1
leila,1
prétexte,1
ways,1
empoisonner,1
vaccin,1
front,1
chair,1
dépasser,1
rapide,1
radio,1
laradiopluscomnewslocale,1
œuvre,1
tomorrow,1
today,1
challenge,1
odd,1
sensibilisation,1
tackl,1
m,1
forward,1
mandat,1
looking,1
vote,1
linterview,1
militantisme,1
antiminier,1
retien,1
comportement,1
salut,1
publie,1
ment,1
diriger,1
avezvous,1
largument,1
retenir,1
lassembler,1
déclarer,1
ltcev,1
spoiler,1
faisabilité,1
dégât,1
ghpartnership,1
energytransition,1
vincentdubail,1
daprès,1
good,1
inclusion,1
maniere,1
cellelà,1
prefere,1
ecouter,1
enrager,1
plutot,1
fan,1
thinkerview,1
réinitialisation,1
taiderer,1
pcqvpmali,1
intellectuel,1
vaste,1
jennifer,1
granholm,1
frle360maeconomierencont,1
étatsuni,1
sudinfobeid630486articl,1
agnè,1
gritliselim,1
tfe2rive,1
examen,1
général,1
élyser,1
alexis,1
kohler,1
conseilpatronat,1
limpulsion,1
dlvritskzzmv,1
polynési,1
plaît,1
jsai,1
xdd12xd83e,1
inflationniste,1
marion,1
masse,1
véhiculer,1
linstallation,1
radiocanadainfo,1
geraldfillion,1
terroriste,1
rationnement,1
technosolutionniste,1
déchec,1
précarité,1
faudrait,1
dupondmoretti,1
lojiqorgprojetsclesenmer,1
participe,1
estil,1
dilapid,1
assurance,1
chomage,1
sécu,1
energetiqueecologiqu,1
democratiquemer,1
collègue,1
trump,1
présidenc,1
tergivers,1
mathieu,1
scolt4kyfb,1
scoopit,1
dérangeant,1
décrir,1
temp,1
chevillardo,1
contactent972,1
fukushima,1
candidature,1
vend,1
sattacher,1
quà,1
nucléairedanger,1
mentir,1
empetit,1
hésiter,1
armellelg,1
20minute,1
ultimediacomapimetaminif,1
paquet,1
imfpa1,1
parasismique,1
conjugal,1
bougouni,1
requête,1
néolibéral,1
iftttfkilpb,1
lautomobil,1
journal,1
amorcer,1
renne,1
stellantis,1
lusine,1
iftttpuv7w4y,1
mod,1
energie23,1
maddynews3jczjfb,1
technologier,1
iftttpczftq,1
zonebours,1
senatfrrapr13253r13253,1
occidental,1
vampire,1
guy,1
imagotvfrdocumentairesla,1
inscription,1
iftttma20yel,1
garchesfractualitesbiend,1
conseilgrandarra,1
alléger,1
léclairage,1
solidarité,1
ifttt1n5p6jg,1
jeanloui,1
perez,1
laisse,1
entrevoir,1
prospère,1
pacifique,1
libérer,1
lopecst,1
laboratoireleo,1
cacentreloire,1
louisbachelier,1
gouffr,1
jeanyve,1
démarrer,1
dhydrocarbure,1
payezsénégal,1
cajust,1
senewebcomnewssocieteexp,1
connaissance,1
employer,1
édité,1
alain,1
lechien,1
⁷⁷soutenez,1
prospériter,1
fallyipupa01,1
déboire,1
accumul,1
flamanville,1
vecteur,1
étudie,1
bancaire,1
36,1
sommet,1
francobritannique,1
renforçon,1
signon,1
epr,1
lhydrogèn,1
grantshapp,1
décembre,1
ensemble,1
sortie,1
déaut,1
béart,1
médiathèqu,1
panierrunacher,1
bours,1
ancien,1
creux,1
allier,1
poids,1
bailleur,1
iftttbv1diea,1
accuser,1
atell,1
den,1
kritischen,1
zeitpunkt,1
nicht,1
verpassen,1
document,1
bergé,1
iftttvnrtwif,1
époux,1
15h,1
prysmian,1
compagnon,1
lexploitation,1
galamina,1
nd,1
automobilepolydesign,1
system,1
bay,1
lematinma,1
iftttsgyurkm,1
commandement,1
charler,1
interview,1
iftttqw3uguh,1
lentreprise,1
italien,1
leopoldina,1
lacadémie,1
pascalpraud,1
enjoindre,1
déolien,1
pv,1
patrimoine,1
transmettre,1
bourgeoisie,1
daccident,1
hypertoxique,1
léguer,1
centaine,1
empecher,1
ifttt8evci2j,1
signent,1
adnoc,1
eni,1
potager,1
suppose,1
excessif,1
reduirenotreempreinte,1
professionnel,1
preter,1
opposant,1
milliardaire,1
ecologiqu,1
variéter,1
dopportunité,1
partenaire,1
reduirenotreempreintecombl,1
vivreenvill,1
lance,1
blogue,1
empreinte,1
visitez,1
web,1
cciamp,1
chier,1
chauvinjl,1
lejdd,1
flottant,1
peyrolle,1
olivier,1
fregeac,1
martinevassal,1
boralex,1
invitation,1
reconversion,1
manufacturier,1
pair,1
minfitzgibbon,1
mitchgarber,1
fpchampagne,1
jonathanwnv,1
attendon,1
recueillir,1
tribun,1
policier,1
anneelisabeth,1
energiewiend,1
bataill,1
argumentaire,1
latome,1
surgir,1
prétendr,1
traitement,1
convainc,1
motif,1
gloir,1
pseudo,1
exportation,1
courageux,1
innovant,1
bozonverduraz,1
coûteuse,1
ledauphinecomscienceette,1
connu,1
déployer,1
adélaïd,1
surface,1
citait,1
domainer,1
ingrédient,1
rassembl,1
bleu,1
affecté,1
graphe,1
cumuler,1
confit,1
lordre,1
ytd,1
dynamism,1
presidente,1
méridional,1
australie,1
tinyurlcom2lksza7q,1
hexana,1
numéro,1
cohésion,1
mtemtectmer,1
allié,1
inocel,1
hère,1
stellaria,1
outill,1
rjhiter,1
manquon,1
décroissance,1
djely,1
saintmartind,1
agt,1
finit,1
révèl,1
viceprésidente,1
militer,1
présidentiel,1
mélenchon,1
militant,1
répéter,1
sagement,1
chiffrer,1
souvenir,1
lfi,1
narrête,1
sousinvestit,1
envisager,1
mature,1
étranger,1
complice,1
pilotable,1
chiffr,1
dénonce,1
perdu,1
connaissezvous,1
dlvritsl44bb,1
tunisie,1
damienernst1,1
tripartite,1
vers,1
échang,1
lnkdingdq7wrpz,1
doel,1
remi,1
lnkdingqczjzyj,1
dép,1
authenticiter,1
simplicité,1
sexprim,1
bibliothèqu,1
lapressecaactualitespolit,1
economie,1
atmosphèr,1
allégresse,1
p,1
françoi,1
hollande,1
brillante,1
audition,1
sex,1
saccord,1
dimension,1
rc,1
indépendant,1
lourde,1
pénible,1
tarte,1
manipulateur,1
tenter,1
raccord,1
parfaitement,1
consomm,1
sébastien,1
saisir,1
milieux,1
usd,1
déverser,1
loccurrence,1
vœux,1
pointure,1
baster,1
littéralement,1
doigt,1
maximelaisneyfi,1
pouvezvous,1
réacteur,1
échéance,1
coraliedenoue,1
severinevachon,1
taille,1
nucléairetransén,1
karinedurandpro,1
affliger,1
ecrivez,1
electrique,1
coté,1
stephan,1
baisser,1
pension,1
utilisation,1
relancer,1
endettement,1
energiesdz,1
marque,1
gizgmbh,1
reconduire,1
4n,1
vertue,1
ensip,1
moderne,1
campagn,1
nucléairetransition,1
laid,1
6n,1
aprèsmidi,1
ia,1
csst,1
communication,1
trer,1
yt,1
analysant,1
auprès,1
5n,1
interv,1
prof,1
algéroallemand,1
wolbers,1
ambassadeur,1
alger,1
2n,1
greenpeace,1
estime,1
extraction,1
sousmarin,1
goodplanet,1
mag,1
goodplanetinfo20230316,1
joue,1
édouard,1
herriot,1
lyon,1
cnrofficiel,1
barge,1
transporter,1
suivre,1
atelierdébat,1
greenpeaceuniversité,1
quau,1
framatom,1
collectivitesdz,1
xdd23xd83e,1
bouffon,1
stationner,1
recharger,1
surnom,1
else,1
dor,1
également,1
contenir,1
progression,1
essentiellement,1
couvrir,1
sha,1
sfa,1
cerise,1
lesvertssuisse,1
absolu,1
emmanchure,1
sécheresse,1
canicule,1
inondation,1
jeu,1
pont,1
godwin,1
engouffrer,1
faill,1
nommée,1
dispenser,1
tver,1
1,1
nécessité,1
excédentaire,1
voton,1
outillage,1
plr,1
fondschaleur,1
teamadem,1
javeldanslebidet,1
torch,1
constitution,1
institution,1
moral,1
rectificatif,1
quelque chose,1
arrêt,1
kleptocratie,1
swissair,1
ub,1
synthétique,1
copinage,1
farin,1
sucre,1
inciter,1
confort,1
décennie,1
considérable,1
illustrer,1
fournir,1
sociétal,1
incontournable,1
contact,1
média,1
christiane,1
queyreix,1
liberationfrchecknewsque,1
brio,1
génie,1
enseignant,1
composant,1
ranger,1
fiasco,1
houill,1
provence,1
taux,1
tinyurlcom2qbyaxhy,1
lux,1
27ème,1
doeil,1
eco,1
pilote,1
18h,1
flotter,1
parceolienenmerstnazaire,1
dz,1
confdébat,1
greenpeaceuniversitédepoitier,1
aps,1
tunisien,1
usrdczambie,1
laccè,1
établissement,1
mdrrrrrr,1
infochaloncomarticles202,1
lemondedelenergiecomestim,1
rtschinfomonde13863398l,1
creusot,1
espagne,1
mangeronsnous,1
notant,1
départemental,1
détruire,1
écosystème,1
préserver,1
mardi,1
loir,1
inviter,1
irsn,1
disponible,1
bénéfic,1
caractèr,1
gabegie,1
effondré,1
rentabiliser,1
mensonge,1
tombent,1
quotat,1
déforestation,1
destruction,1
armée,1
péter,1
pensezy,1
conjoint,1
contradiction,1
tutelle,1
epic,1
sarthois,1
patrickmonin71,1
colart,1
productri,1
accroître,1
contrepointsorg20230305,1
montenay,1
aviation,1
buffly42hox35,1
yves,1
compliquer,1
pandemique,1
marrant,1
digne,1
fonctionner,1
lavi,1
lopinion,1
defense,1
fine,1
royaumeuni,1
lurgence,1
privilégier,1
saône,1
lemansmavillecomactuactu,1
direct,1
bras,1
réclame,1
incompatible,1
loire,1
paysdelaloire,1
volontairement,1
regionbretagn,1
edfofficiel,1
lccxgpxyw4,1
germanophobie,1
rejet,1
ralentit,1
c02,1
putde,1
chaud,1
xde05xd83d,1
monnaie,1
helicopter,1
debile,1
oil,1
simple,1
eter,1
évaluer,1
ratio,1
géologique,1
x10,1
potentiel,1
masqu,1
lacic,1
dexpliquer,1
darrachepied,1
demondialisation,1
xdd0bxd83d,1
lhabit,1
amour,1
prêt,1
équation,1
bitly3xsagxm,1
pipedvideowatchvpsroxsbf,1
imposer,1
déplace,1
traditionnel,1
lantidote,1
sannonce,1
til,1
marseill,1
hyper,1
dirigeant,1
visionnaire,1
compétent,1
canadianchemistrycawpcont,1
dempêcher,1
bitly3jg1iu8,1
bfmbours,1
agroalimentaire,1
lappel,1
grandecausemutualiste,1
centreest,1
touscacentrestfrsocialy,1
exploiter,1
content,1
lestime,1
12,1
tweet,1
co2kwh,1
wokes,1
méfierai,1
idéologue,1
quils,1
indirectement,1
financemer,1
hasard,1
hardtoabate,1
contrer,1
volatilité,1
décryptage,1
lir,1
palladium,1
lesechosfrmondeeuropeleu,1
laluminium,1
lesréflexionsdesinitié,1
34x,1
pense,1
ke,1
pouvoirdachat,1
chequeenergie,1
bouleverser,1
youpi,1
peutetre,1
marianneneteconomieprotec,1
creditsuisse,1
humour,1
qqs,1
énergetiqu,1
suisse,1
small,1
planet,1
restaurer,1
café,1
surement,1
renégocier,1
hausser,1
épisode,1
jannonce,1
guinéematin,1
extractif,1
big,1
matthieubrd,1
naméliorerer,1
swissnationalbank,1
enjoy,1
rehausser,1
philippebihouix,1
inspection,1
gmeurice,1
entrepreneur,1
adéquate,1
déjeun,1
chouchou,1
lacroixcomeconomietransi,1
business,1
tabc,1
expertis,1
steg,1
tunisienumeriquecomenergie,1
nestce,1
tinyurlcom2f5xovqt,1
tv4planet,1
chirurgi,1
délégation,1
entrepris,1
algérien,1
denvisager,1
keyenergyit,1
iegexpo,1
portailcderdz20230317u,1
faillite,1
septembre,1
contour,1
réform,1
chantier,1
lécole,1
cirquepinder,1
tabou,1
obsolète,1
provenance,1
sest,1
ademe,1
defficience,1
sdis79,1
sinscrire,1
sinscriver,1
cofinancement,1
équiper,1
ridicule,1
fortement,1
paulicclair,1
surprendre,1
pressant,1
bascarbon,1
sacerdoc,1
état,1
energieetenvironnementcom2,1
prenant,1
intel,1
jdq,1
googlealert,1
salvador,1
lycer,1
finalement,1
triste,1
plier,1
injonction,1
ouvert,1
locde,1
laudace,1
sincérité,1
journaldequebeccom202303,1
renseigner,1
anti,1
tchernobil,1
googlalertsjsbpvb,1
allende,1
sy,1
tvanouvellesca20230316,1
augmentent,1
boss,1
cétait,1
garçon,1
lagenceadu,1
toil,1
stimulant,1
bernardweisbec1,1
pvergriete,1
fnauurba,1
bariolbrigitt,1
fdhersin,1
bertrandringot,1
passion,1
bethune,1
bombe,1
incroyable,1
cul,1
commode,1
opération,1
disputer,1
honoré,1
journaldemontrealcom20230,1
epr2,1
avantmidi,1
prevu,1
courant,1
terminer,1
tableronde,1
faisai,1
carboner,1
damien,1
pire,1
pipedvideowatchvlnaesbyc,1
ravi,1
linfodurablefrclimatassis,1
lopportunitéplusieur,1
résolumer,1
progressif,1
concrétisation,1
exécution,1
fantasme,1
vieux,1
haut,1
arbitrer,1
prisil,1
arkab,1
materialiser,1
24ème,1
assis,1
tiendra,1
mai,1
madagascar,1
