mots,fréquence d'apparition en Février
nucléaire,33
énergie,30
france,27
électrique,27
ministre,23
projet,20
vert,19
prix,19
question,19
carbone,19
grand,18
politique,17
plan,17
central,17
mondial,17
milliard,17
production,15
entreprise,15
allemand,15
véhicule,15
guerre,15
public,15
climatique,15
fossile,15
pétrol,14
renouvelable,14
transitionenergetiqu,14
solaire,13
métal,13
groupe,13
allemagne,13
matière,12
climat,12
besoin,12
charbon,12
financer,12
accélérer,11
maroc,11
investissement,11
économie,11
moyen,11
éolien,11
minier,11
français,11
monde,11
chose,11
économique,11
défi,10
conseil,10
lier,10
deuro,10
rôle,10
savoir,10
pouvoir,10
vrai,10
écologique,10
temps,10
lallemagn,10
minerai,10
leurope,10
croissance,10
nouveau,10
loi,9
aurore,9
premier,9
poursuivre,9
venir,9
passer,9
société,9
industrie,9
émission,9
co2,9
stratégie,9
russe,9
lemondefreconomiearticle,9
président,9
nécessaire,9
soutenir,9
européen,9
congolais,9
million,8
cœur,8
québec,8
important,8
expert,8
fort,8
rdc,8
aller,8
payer,8
développement,8
année,8
produire,8
réussir,8
dénergie,8
batterie,8
commun,8
représenter,8
lemondefr,8
engager,8
délectricité,8
transport,8
participer,8
modèle,8
pétrolier,8
agnesrunacher,7
vent,7
organiser,7
cause,7
ds,7
utiliser,7
efficace,7
fin,7
marché,7
ressource,7
enjeux,7
impact,7
prendre,7
social,7
macron,7
santé,7
gouvernement,7
pourtant,7
total,7
dépense,7
source,7
continuer,7
environnement,7
financement,7
souhaiter,7
terme,7
demain,7
energetiqu,7
afrique,7
petit,6
miner,6
françois,6
soir,6
indispensable,6
manqu,6
unlock,6
ge,6
subvention,6
présenter,6
riche,6
youtub,6
pipedvideoshortswacszaqner,6
cours,6
accélèr,6
objectif,6
bataill,6
niveau,6
gros,6
ingénieur,6
cadre,6
coûter,6
conférence,6
mettre,6
électricité,6
stratégique,6
mois,6
défaire,6
mine,6
energie,6
pdg,6
devoir,6
bientôt,6
jouer,6
europe,6
investir,6
février,6
voir,6
construction,5
edf,5
daccord,5
dollar,5
faible,5
pannierrunacher,5
agnès,5
américain,5
investit,5
revenir,5
essentiel,5
retraite,5
thème,5
direct,5
délusion,5
durable,5
attendre,5
solution,5
compte,5
vision,5
réalité,5
donner,5
décarboner,5
hydrogène,5
réforme,5
autour,5
arriver,5
dépendre,5
futur,5
lénergie,5
acteur,5
moment,5
article,5
chin,5
préoccupation,5
vouloir,5
décarbonation,5
coût,5
loin,5
environnemental,5
partie,5
atteindre,5
assurer,5
comprendre,5
national,5
territoire,5
logement,5
eramet,5
discussion,5
lithium,5
penser,5
faveur,5
permettre,5
action,5
décision,5
voiture,5
devenir,5
sest,5
lélectricité,5
fédération,5
éviter,5
réponse,5
covid,5
quun,5
thermique,5
renforcer,4
génération,4
industriel,4
priver,4
sortir,4
avancer,4
ider,4
etatsunis,4
prochain,4
propre,4
technologie,4
partout,4
epr,4
travailler,4
quils,4
intérêt,4
filière,4
ferme,4
campagne,4
davoir,4
quotidien,4
retard,4
terre,4
réseau,4
débat,4
remplacer,4
échange,4
fonds,4
domaine,4
avenir,4
programm,4
recherche,4
consommation,4
thèm,4
lance,4
électrification,4
ancien,4
souveraineté,4
service,4
proposer,4
enedis,4
capital,4
usage,4
aujourdhui,4
voter,4
energy,4
lexploitation,4
influencer,4
lartisanat,4
technique,4
carbon,4
pm,4
legault,4
business,4
essayer,4
fiscal,4
taxer,4
appeler,4
achever,4
lancer,4
ville,4
investisseur,4
dautre,4
euro,4
actionnaire,4
mener,4
engagement,4
combustible,4
réform,4
tourner,4
citoyen,4
trouver,4
letat,4
wattsc,4
crise,4
proposition,4
artisanal,4
clé,4
mal,4
construire,4
totalenergie,4
plaisir,4
répondre,4
africain,4
enjeu,4
envoyer,4
truc,3
pollueur,3
parc,3
vietnam,3
dépenser,3
démocratique,3
perenco,3
enfant,3
affaire,3
encourager,3
davantage,3
profiter,3
fressoz,3
général,3
décarbonisation,3
argent,3
typ,3
membre,3
international,3
peuton,3
propagand,3
changement,3
emploi,3
russie,3
signifier,3
ukrain,3
raison,3
donne,3
libraction,3
zéro,3
directeur,3
humain,3
majeur,3
opportunité,3
lhomm,3
italien,3
mauvais,3
port,3
fameux,3
lemondefrideesarticle202,3
global,3
résumer,3
position,3
partager,3
budget,3
ambition,3
photovoltaïque,3
partenariat,3
oublier,3
poste,3
servir,3
dette,3
dégager,3
cabinet,3
ya,3
effectivement,3
prêt,3
superprofit,3
gw,3
regarder,3
augmenter,3
bp,3
émiettement,3
m,3
analyser,3
rapport,3
parler,3
potentiel,3
gestion,3
den,3
mobiliser,3
cour,3
relever,3
tribune,3
zerhubarbeblognet2023020,3
final,3
minière,3
profit,3
facile,3
dêtr,3
financier,3
problèm,3
bénéfice,3
large,3
gpsoseineouest,3
nécessiter,3
construir,3
cadr,3
arrêter,3
craindre,3
association,3
propriétaire,3
choisir,3
souligner,3
laisser,3
polqc,3
technologier,3
exister,3
panneal,3
rail,3
pétrole,3
impliquer,3
exceptionnel,3
aimer,3
compagnie,3
rêve,3
scientifique,3
lallemagne,3
pose,3
pollution,3
voix,3
changer,3
finir,3
fermer,3
partir,3
accélération,3
ralentir,3
lutte,3
réchauffemer,3
travail,3
redistribuer,3
aide,3
chang,3
chercheur,3
congo,3
signant,3
producteur,3
accompagner,3
eelv,3
fonction,3
ns,3
record,3
fabrication,3
hausse,3
quen,3
empêcher,3
investi,3
cas,3
dernier,3
factuellement,3
renovationperformant,3
pétition,3
levier,3
améliorer,3
visite,3
denispayre,3
quune,3
réellement,3
entreprendre,3
ledevoircompolitique78049,3
histoire,3
vue,3
réserve,3
côté,3
massif,3
sobriété,3
compétitivité,3
lhumanité,3
lère,3
chaleur,3
prévoir,3
occasion,3
capable,3
vivre,3
belgiqu,3
compliquer,3
soutien,3
saisir,3
ben,3
gagner,3
salon,3
navon,3
subventionner,3
europ,3
coup,3
appel,3
arte,3
établir,3
centre,3
rapide,3
dire,3
communauté,3
faux,3
preuve,3
siècle,3
bâtiment,3
secteur,3
signal,3
macky,3
digitalisation,3
neutralité,3
expérience,2
mining,2
temporaire,2
eti,2
évident,2
der,2
indaba,2
passionner,2
planèt,2
totalenergier,2
sen,2
watt,2
destructeur,2
repartir,2
promouvoir,2
haute,2
francetvinfofrreplayradio,2
fonctionner,2
fiscalité,2
von,2
retraire,2
quasiment,2
xdca1xd83d,2
évoquer,2
reconnaissance,2
louable,2
biden,2
baser,2
pfff,2
millier,2
diminuer,2
puit,2
convention,2
accord,2
renseigner,2
montrer,2
délire,2
transitionénergétiqu,2
paraître,2
jni2023,2
nont,2
sengager,2
dauter,2
intervention,2
promettre,2
opérateur,2
jeanbaptiste,2
protection,2
énormément,2
fondamental,2
immobilier,2
réussite,2
charger,2
décentraliser,2
profiteur,2
lutter,2
commercial,2
carentan,2
verre,2
lextraction,2
leyen,2
scène,2
culture,2
rentrer,2
travers,2
lancement,2
gpso,2
dlarghero,2
villeboulogneb,2
hautsdeseinefr,2
seineouest,2
navez,2
réaliser,2
etat,2
présent,2
désinformation,2
doubler,2
bourse,2
émergent,2
digne,2
produit,2
voitur,2
xddd3xd83d,2
air,2
supprimer,2
contexte,2
arnaqu,2
séminair,2
département,2
banque,2
léguer,2
chercher,2
nommée,2
ministèr,2
harmoniser,2
réduction,2
arjunem,2
paradis,2
francetvinfofrpolitiquego,2
step,2
sall,2
bordeaux,2
placer,2
argumenter,2
relève,2
opinion,2
empreindre,2
mardi,2
crédit,2
progrès,2
leadership,2
coopération,2
pleine,2
laccélération,2
tiers,2
consacrer,2
nickel,2
territorial,2
discour,2
priorité,2
afd,2
jetp,2
historique,2
simplement,2
saluer,2
polynesi,2
dabord,2
rout,2
transfert,2
kyzylorda,2
combiner,2
turbine,2
akser,2
lafriqu,2
concurrentiel,2
faire,2
lire,2
entendre,2
chronique,2
falloir,2
canadien,2
léolien,2
récent,2
fond,2
moitié,2
participe,2
domicil,2
triphasé,2
révolution,2
suffire,2
électricien,2
décider,2
pomper,2
imbécile,2
décaper,2
choix,2
comprend,2
terrain,2
larger,2
disponible,2
lutiliser,2
visiblement,2
occidental,2
factur,2
approvisionnement,2
narratif,2
type2,2
continent,2
lon,2
informe,2
enrv,2
exploitation,2
vise,2
engie,2
sol,2
concept,2
écrire,2
équipe,2
heureux,2
opérationnel,2
cobalt,2
multiplier,2
pauvre,2
croi,2
perdre,2
lister,2
chinois,2
erreur,2
twitter,2
pousser,2
principal,2
regard,2
presque,2
dogmatique,2
dépendant,2
nuk,2
rtbfbearticlelatransitio,2
géopolitique,2
verte,2
estell,2
stupide,2
criminel,2
tue,2
ministère,2
provoquer,2
phase,2
hydroélectrique,2
réduire,2
espagnol,2
difficile,2
peine,2
panel,2
compter,2
lévénement,2
obtenir,2
résultat,2
géologue,2
us,2
titre,2
liste,2
énergétique,2
locataire,2
favorable,2
philipp,2
vraie,2
classe,2
immense,2
inaugurer,2
baisser,2
complet,2
justement,2
rdv,2
démantèlement,2
alarmer,2
extraction,2
puisser,2
importer,2
convaincre,2
pilote,2
lukondesama,2
fatshi13,2
discut,2
river,2
oeil,2
réfléchir,2
2030le,2
résultatsperspective,2
avis,2
froid,2
irsn,2
filièr,2
couper,2
cdnpoli,2
impossible,2
activité,2
alternatif,2
mot,2
cacher,2
présente,2
totalement,2
média,2
airliquidegroup,2
attaque,2
mariage,2
super,2
déchange,2
défend,2
droit,2
appartenir,2
zone,2
lurgence,2
axer,2
donnéesgestion,2
aussitôtassignatier,2
miser,2
podcast,2
banqu,2
étude,2
présence,2
jour,2
scénario,2
colloqu,2
info,2
phénomèn,2
socioéconomique,2
volontairement,2
actuel,2
appliquer,2
demploi,2
train,2
rte,2
démarche,2
dutiliser,2
démission,2
présidentiel,2
batteriepris,2
reconstruir,2
animateur,2
1ers,2
jr,2
notifier,2
base,2
chauffage,2
émettre,2
conséquence,2
coupure,2
demander,2
clcluxembourg,2
poutine,2
construit,2
indirect,2
second,2
tntvpftntvnewspolynesie,2
prévoit,2
startup,2
jespèr,2
date,2
pilier,2
poids,2
commission,2
jeune,2
richesse,2
accès,2
accéléré,2
pari,2
recours,2
compenser,2
fermeture,2
conseiller,2
réussie,2
peur,2
annoncer,2
transformation,2
crédible,2
pipedvideolivefkimqld3yq,2
stéphant,2
massivement,2
nul,2
assainir,2
exigence,2
débattre,2
forcément,2
marche,2
luxembourg,2
civilisation,2
enedispyrn,2
stockag,2
consultation,2
démographique,2
veux,2
sens,2
villemoustaussou,2
lhydrogène,2
rejeter,2
chapo,2
aud,2
occitanie,2
quantité,2
infoflashcominfoflashac,2
relation,2
lapressecaactualitesenvir,2
journée,2
délectriciter,2
jeudi,2
consommer,2
turbulence,2
agricole,2
coprésider,2
contrat,2
concentrer,2
lukraine,2
dispos,2
alimenter,2
1ère,2
sagit,2
perso,2
favoriser,2
tournant,2
déposer,2
marquer,2
initiative,2
triste,2
opter,2
ministr,2
danemark,2
souci,2
sang,2
embaucher,2
publier,2
ecologie,2
sinquièt,2
écologiste,2
tournure,2
baisse,2
bruxelle,2
directif,2
automobile,2
examiner,2
doffre,2
déolien,2
feuill,2
commencer,2
offshore,2
autorise,2
candidature,2
détruire,2
connaissance,2
spontaner,2
energynewsproledanemarkp,2
rn,2
vie,2
vertueux,2
pierreolivier,2
pineau,2
hecenergie,2
colégislateur,2
impôt,2
indépendanc,2
chantier,2
sensibiliser,2
lien,2
flambée,2
problème,2
planification,2
fait,2
spécialiste,2
dogmatism,2
eolienne,2
confort,2
mer,2
bel,2
taxe,2
récupérer,2
normal,2
système,2
confier,2
côte,2
développer,2
imposer,2
situation,2
défendre,2
long,2
homologue,2
léconomie,2
nécessité,2
ampleur,2
collectivité,2
uqo,2
dirigeant,2
infoflash,2
déficit,2
dapporter,2
matériau,2
ing,2
site,2
paysba,2
dinvestissement,2
tour,2
tennet,2
envisager,2
critique,2
dedf,2
rappeler,2
reseauxelectrique,2
consommateur,2
decarbonisation,2
racheter,2
traval,2
gisement,2
influence,2
pr,2
aborder,2
actuellement,2
alliance,2
décarboné,2
tpe,2
élément,2
réunion,2
lunité,2
ue,2
tennettso,2
adaptation,2
innovation,2
matin,2
heure,2
energynewsprolescleantech,2
lapprovisionnement,2
poupe,2
psychose,2
contraindre,2
theshiftpr0ject,2
energynewsprolallemagnedi,2
dispositif,2
energynewspro424713utms,2
boi,2
écoresponsable,2
vente,2
davance,1
étatique,1
embauche,1
achevé,1
destruction,1
péril,1
correcteur,1
équitable,1
dénergéticien,1
évolution,1
établi,1
mysociabblecomcm3dqhsqtpu,1
vanhouan,1
régional,1
divoir,1
écrir,1
fonctionnement,1
soumission,1
absenc,1
successif,1
revoir,1
lescroquerie,1
orienter,1
louvecienne,1
cm,1
volonté,1
tèt,1
mysociabblecomf4tkx4yfwkq,1
importation,1
faillite,1
jusquoù,1
apprentissage,1
étau,1
prévisionnel,1
portion,1
merdique,1
mp,1
exaspèr,1
transistor,1
sentir,1
prenez,1
labsolu,1
linviter,1
congooui,1
féliciter,1
clore,1
luc,1
rémont,1
daccaparer,1
6n,1
stéphan,1
beaucoupça,1
edfofficiel,1
pipedvideolivexx3psg2mry,1
partenaire,1
démagogique,1
ifc,1
demandeur,1
consomme,1
continueron,1
course,1
pandémie,1
reprocher,1
sauver,1
titanic,1
exclusif,1
soidiser,1
mediapart,1
dicebergs,1
utile,1
mediapartfrjournaleconomi,1
siar,1
accompagn,1
doute,1
sexpliqu,1
film,1
vanité,1
reformer,1
superphenix,1
commandementsde,1
dogm,1
croyance,1
opération,1
combat,1
exploiter,1
fragilis,1
leçon,1
claudy,1
lescure,1
proie,1
sacrifice,1
exhorter,1
dlvritsk8nl6,1
ivoirien,1
ivoireaip,1
concrètement,1
montron,1
cardet,1
neuneu,1
francetvfrance2cashinve,1
ordinaire,1
adversaire,1
lintérêt,1
promesse,1
estil,1
arrange,1
croiser,1
fraude,1
lain,1
ex,1
fantasque,1
chemin,1
dencourager,1
key,1
aipcicotedivoireaiple,1
ristournecarburer,1
robuste,1
gouverneur,1
naufrag,1
omar,1
gutiérrer,1
defficacité,1
achat,1
melenchon,1
expériencespartager,1
méthode,1
petrole,1
éclairage,1
buse,1
emmanuel,1
minuit,1
chouette,1
vieux,1
laddition,1
remettre,1
initialiser,1
lign,1
démagogie,1
fou,1
doù,1
bras,1
nyembo,1
désavantager,1
lopposition,1
battr,1
pourraiton,1
texte,1
approfondir,1
évènement,1
complexe,1
amène,1
déçu,1
savoirpipedvideolivexx3psg2mry,1
vebleninstituteorglatran,1
dimension,1
celcc,1
simpliste,1
villegatineau,1
nestil,1
humanité,1
nexister,1
respecter,1
inique,1
owlycgm650mungw,1
progressif,1
systématiquement,1
activisme,1
schématiser,1
game,1
shabiller,1
provincial,1
lobby,1
tarder,1
brancher,1
débarquer,1
préparer,1
jespère,1
présidenc,1
multinational,1
objekocomactualitetransit,1
caricature,1
bride,1
ccb,1
union,1
félicitation,1
environnementau,1
renverser,1
mond,1
jeu,1
12h45,1
duremer,1
institution,1
solarwin,1
lécole,1
candidat,1
succéder,1
loffre,1
decrypteenergie,1
ellyesse,1
catastrophiste,1
infocajustsn,1
gvmnt,1
vitesse,1
décroissant,1
lubie,1
deploiement,1
optimisationtransition,1
communication,1
variable,1
ahaha,1
questionnement,1
ahhh,1
fally,1
cutthecrap,1
facethemusicandinstallsolar,1
pipedvideo7setafu1y4k,1
jeunesétudiant,1
contacter,1
miserai,1
4marsiesffr,1
géologie,1
létranger,1
poisson,1
souffrir,1
lhistoire,1
gtb,1
carrière,1
khmer,1
retiendra,1
éducation,1
inaugural,1
saperçoiv,1
acquisition,1
inscrire,1
syldav,1
actif,1
journer,1
mobilisent,1
con,1
gober,1
bobard,1
intéressant,1
leurre,1
limmobilier,1
saf,1
xdce2xd83d,1
team31catoulouse31frsoci,1
colossale,1
reconfiguration,1
anonymousfrance,1
reconnaître,1
bidart,1
biosourcer,1
ilovemyjob,1
taxhabitat,1
daid,1
logt,1
taxfoncière,1
phare,1
binh,1
hoa,1
dextension,1
programme,1
offr,1
electronnucleair,1
agencenotaireadicapitalinteretset,1
étendre,1
anonymous,1
lafd,1
vieillir,1
balance,1
déclin,1
retenir,1
seriousgame,1
positionnement,1
quête,1
décideur,1
toulous,1
mobilis,1
peau,1
glisser,1
garantie,1
immersif,1
prioriter,1
agroalimentaire,1
citecoofficiel,1
découvrir,1
lenvironnement,1
expo,1
cohésion,1
linclusion,1
transition,1
expertise,1
généraliser,1
désindustrialisation,1
lustre,1
placéco,1
cramer,1
greenuniver,1
imaginaire,1
trajectoir,1
anondefranc,1
discours,1
eia,1
sujet,1
contenter,1
prevision,1
iftttle2ninh,1
béton,1
expliquer,1
trompeur,1
bitly3shzbcr,1
grandest,1
dacier,1
sovab,1
impérialiste,1
explication,1
courir,1
échelle,1
région,1
cop26,1
dassumer,1
descendre,1
délai,1
séri,1
faiton,1
sentrechoquer,1
opportuniste,1
francecultur,1
change,1
deramet,1
bitly3xw8sd,1
écouter,1
impression,1
denispayr,1
acquu,1
pression,1
néfaste,1
volontaire,1
borier,1
élevé,1
formidable,1
imo,1
christel,1
libéral,1
faisable,1
outil,1
dexpérience,1
officiel,1
iforel,1
lpcaymrntasharing,1
pôle,1
inévitable,1
italie,1
anticiper,1
taxonomi,1
cfecgc,1
veille,1
rencontre,1
lefigarofrdecideurscarnet,1
rugy,1
alantra,1
pardonner,1
xsmr,1
sectoriel,1
ifttt7fsj04w,1
daffaire,1
gravement,1
fuir,1
activiste,1
planter,1
investisse,1
caisse,1
cherch,1
noyer,1
étiquetage,1
différenc,1
mode,1
catalyseur,1
référence,1
reproduir,1
lecture,1
mds,1
bpifrance,1
sain,1
constamment,1
formation,1
lorigine,1
fiasco,1
déplétion,1
valoir,1
véritable,1
systémique,1
guyhoquetapibotsiocontent,1
pratique,1
déclencher,1
éteindra,1
stellantis,1
comportement,1
clair,1
moderniser,1
chine,1
avancent,1
chaîne,1
nousmême,1
yvanclich,1
lesoleildeqc,1
calendario,1
lesoleilcom20230224mine,1
el,1
adelantado,1
coercition,1
guerraenucrania,1
consecuencia,1
como,1
europa,1
vaccinal,1
escroquerie,1
antirusse,1
3èm,1
soustraiter,1
transiciónenergéticer,1
cancel,1
exécutif,1
héros,1
saluon,1
courage,1
charbongaz,1
tf1infoframpinternational,1
hypocrite,1
arrêt,1
alemania,1
préconiser,1
dpit,1
direction,1
ingénierie,1
experiencier,1
trata,1
comité,1
lindependantfr20230226l,1
désorma,1
résiliente,1
québécois,1
néolibéral,1
corporatiste,1
oseraton,1
centrecentredroit,1
défavorable,1
gazier,1
minimum,1
qs,1
traîne,1
patt,1
dossier,1
mariusmihigo,1
diversion,1
gazcharbon,1
sicomine,1
dénoncer,1
lachroniqueagoracomtran,1
théorie,1
lindependantfr20230224l,1
genr,1
étein,1
twingo,1
tv,1
renaud,1
énergétiqueen,1
orientation,1
limouxin,1
moimême,1
commune,1
aid,1
limou,1
choser,1
fumisterie,1
vi,1
repositionnemer,1
tahitiinfoscomilyaune,1
défiscalisation,1
cap,1
poutinien,1
manne,1
réchauff,1
client,1
stockholm,1
éternellement,1
rencontrer,1
commence,1
enfumade,1
macronist,1
etou,1
salaire,1
carburant,1
bloquer,1
litre,1
kremlin,1
rester,1
dorienter,1
newsdigestonlinelescanadi,1
sciencesetavenirfrnature,1
géothermie,1
interview,1
lactualit,1
desdit,1
lactualitecompolitiquele,1
mission,1
civilisateur,1
bruxellois,1
député,1
pe,1
sanction,1
dépasser,1
euractivfrsectionenergie,1
energynewspro424576utms,1
saviezvou,1
missiontransitionbetagouv,1
lallemand,1
charge,1
paille,1
déclaration,1
rtefrance,1
énergiesrenouvelable,1
congokinshasa,1
consommationresponsabl,1
energynewsprocoupuresdele,1
daviation,1
terminal,1
aeroportuaire,1
conscience,1
laviation,1
carboner,1
idéal,1
volonter,1
noter,1
quà,1
quêt,1
jswt,1
successeur,1
convertir,1
revendiquer,1
conviction,1
cern,1
pascal,1
frisicaro,1
dinvestisseur,1
lehpad,1
départ,1
apporter,1
pierre,1
édifice,1
labri,1
sobre,1
ceuxci,1
dapprovisionnement,1
hier,1
francophone,1
réactif,1
stève,1
gentili,1
publication,1
sérieux,1
cestàdir,1
objectiver,1
rhin,1
ricaner,1
malade,1
fortuner,1
quu,1
creux,1
bullshit,1
forum,1
ravi,1
gaspill,1
résilient,1
tver,1
consensu,1
3x,1
diversification,1
pilotable,1
vendredi,1
élisabeth,1
born,1
bénéficier,1
msftit601255aoc,1
gemenn,1
intelligent,1
sortie,1
optimiste,1
sénégal,1
appauvrir,1
égoïste,1
misèr,1
simposerer,1
entendeur,1
dellemêm,1
lhydrogèn,1
maitriser,1
limpression,1
loccident,1
tamponner,1
mégane,1
minime,1
entrevue,1
pauljournet,1
échappé,1
qqe,1
pbs,1
400md,1
bulletin,1
réaliter,1
coalition,1
déni,1
locd,1
timesofisraelcomlivebloge,1
loupé,1
dérout,1
la1erefrancetvinfofrnouve,1
lacier,1
nouvellecalédonie,1
incertitude,1
glissade,1
energynewspro424576utm,1
dérange,1
lorganisme,1
dévaluer,1
sonner,1
lalarme,1
peb,1
écologement,1
mios,1
accompli,1
caste,1
dici,1
effectuer,1
prêch,1
maintenir,1
partage,1
uranium,1
lexposition,1
portaf,1
parole,1
laménagement,1
énergétiquequi,1
nourrie,1
souvenir,1
prôner,1
laltruisme,1
rebelle,1
lespace,1
gauchiste,1
lueur,1
espoir,1
accroître,1
lnkdiney7hyfpp,1
lnkdineprwm2tm,1
conséquent,1
léducation,1
content,1
paie,1
impot,1
vers,1
substantiel,1
benef,1
salarier,1
linvers,1
stern,1
calderon,1
méga,1
ferroutage,1
visàvis,1
fiche,1
informationnationalistefr2,1
pouvon,1
repose,1
recourir,1
penson,1
mériter,1
adoubement,1
volontariste,1
solidaire,1
lèr,1
participatif,1
lécologie,1
pslhdd,1
lessor,1
véhiculeselectrique,1
dépendance,1
10k,1
lourd,1
energieelectriqu,1
davenir,1
inaperçu,1
taul,1
rapporte,1
bitly3mghoig,1
indépendance,1
youtube,1
gouffr,1
agorer,1
bord,1
effondrement,1
productionenergierenouvelabl,1
lefigarofrsocieteselisabe,1
coeur,1
passionnant,1
tweet,1
dériger,1
prend,1
next,1
capacité,1
turbin,1
euractivcomsectionenergy,1
existé,1
facteur,1
interne,1
constat,1
phénomène,1
lotan,1
naître,1
pouvonsnou,1
keur,1
incorrect,1
daujourdhui,1
dimensionnement,1
affirmer,1
form,1
léter,1
tôt,1
poser,1
recourt,1
redéfini,1
multiformepa,1
qd,1
civil,1
rejoindre,1
stand,1
decouvrir,1
métier,1
énergetiqu,1
original,1
madiabel,1
mosquée,1
organisait,1
writeoffs,1
provoquent,1
louche,1
renover,1
logment,1
cb,1
double,1
étape,1
conseilcongolaisdlabatterie,1
imprimer,1
compatible,1
4tous,1
vocation,1
3le,1
rdccell,1
quatrevingtun,1
ordonnanc,1
cf,1
limpérialisme,1
local,1
installer,1
samedi,1
9h12h,1
cancer,1
digital,1
iesffrance,1
iesffr752p57670inscript,1
lacte,1
exportation,1
foireux,1
naissance,1
xxieme,1
allocators,1
maladie,1
tyran,1
quil,1
joubliai,1
geopolitic,1
dinstallation,1
dhydrogèn,1
pipedvideowatchvkdfmdz,1
subir,1
risque,1
impossibilité,1
découpler,1
pib,1
pdt,1
process,1
simplifier,1
sengagent,1
utilité,1
réjouir,1
nation,1
incendie,1
décrir,1
doter,1
okay,1
lincite,1
numéro,1
entrer,1
naurer,1
bascarbone,1
lhistorien,1
pipedvideowatchvmmqwduxf,1
oberruyer,1
elucid,1
impose,1
dabandonner,1
maniérer,1
acheter,1
manière,1
lalgérie,1
densoleillemer,1
enerplan,1
hologramm,1
classique,1
ordre,1
nen,1
critical,1
limplication,1
mineral,1
agence,1
ieaorgreportstheroleof,1
lobjectif,1
aérien,1
aéroport,1
billet,1
avion,1
buffly3xidk39,1
extraire,1
briefing,1
contextetransp,1
coltan,1
collectiviter,1
satisfaire,1
sécuritaire,1
prière,1
relire,1
tranquillement,1
poster,1
estimer,1
cc,1
catégorie,1
vite,1
nai,1
inventer,1
résilience,1
dautorité,1
list,1
clairement,1
armement,1
2l,1
vaccin,1
varmatincomeconomieunfon,1
champ,1
concerner,1
piloter,1
lindependantfr20230221e,1
boursefortuneofractualit,1
récessif,1
veuill,1
colle,1
bétonn,1
réunir,1
fruit,1
légume,1
étonner,1
maire,1
élu,1
andorr,1
faciliter,1
ccismpolynesie,1
lacroixcomenvironnementt,1
iftttngbmdcn,1
ingénierieétude,1
croix,1
leader,1
iftttde0h6ac,1
station,1
ski,1
montagneux,1
iftttqtv0jg7,1
wacker,1
chemie,1
analyste,1
technip,1
iftttzdxgvku,1
maddynesscom20230221sec,1
ultrariche,1
devon,1
rappel,1
linverse,1
disent,1
daccélérer,1
fcfp,1
offrir,1
thinkerview,1
lot,1
rapprochement,1
apparenc,1
inattendu,1
apôtre,1
ppouyanne,1
dintermittence,1
stepher,1
doutremer,1
fedom,1
1001rsscomapresuneannee,1
astucieux,1
convictions85,1
capt,1
inverse,1
greenwashing,1
plantatier,1
darbr,1
bidon,1
captation,1
dengie,1
laurentfavreau,1
soiréedébat,1
vender,1
précurseur,1
écologie,1
positif,1
etude,1
complémentaire,1
medefpf,1
françoise,1
garde,1
sinspirer,1
flatterstrom,1
dunkelflaut,1
partisan,1
atil,1
affairedusiecle,1
critiquer,1
violemment,1
pipedvideog9qi6w16re,1
ordonnance,1
hydroquebec,1
minfitzgibbon,1
aieq,1
iwfcanada,1
iwfglobal,1
pied,1
inutile,1
hervemariton,1
cool,1
rour,1
1les,1
copain,1
arnaudschwartz,1
arroser,1
villanicedric,1
jesoutiensirsn,1
jaimemonirsn,1
lopportuniter,1
chatgpt,1
vanter,1
hollande,1
terroriste,1
scandale,1
sembler,1
fpchampagne,1
maryng,1
authentique,1
top,1
fressozcnr,1
enrichissant,1
municipalité,1
sort,1
umq,1
danielcotegasp,1
associationerqc,1
jolie,1
polmun,1
lautorité,1
polynésien,1
concurrence,1
séminaire,1
lafedom,1
récemment,1
jeanbaptist,1
nexist,1
urgenceclimatiqu,1
précieux,1
boss,1
inégalité,1
lendettement,1
publicpriver,1
irrationnel,1
flexibilité,1
rejette,1
avonsnous,1
tonne,1
co²,1
inviter,1
jb,1
disruptif,1
aimez,1
minérai,1
promulguer,1
neuquén,1
michelviciana,1
porter,1
dériver,1
lesoirbe493462article202,1
relance,1
rab,1
opposer,1
crétin,1
inciter,1
chauffer,1
mazout,1
essence,1
merd,1
mondialiste,1
davo,1
arnaquer,1
exportateur,1
éclair,1
exploser,1
stokking,1
scoopit,1
scolt9kthve,1
atlantico,1
dédier,1
atlanticofrarticlerdvdep,1
parle,1
vendre,1
canadale,1
lnkdingfmc6kmb,1
lnkdings7yge25,1
aesiomutuell,1
leaderoccitanie,1
œuvre,1
libérer,1
emma,1
consister,1
tutell,1
sirrs,1
consortium,1
oranger,1
start,1
litot,1
fondationorange,1
communisme,1
mental,1
rendement,1
énorme,1
constituer,1
cibler,1
investie,1
largement,1
diffuser,1
candidatiez,1
madein92,1
oû,1
republiqu,1
globaliste,1
software,1
poche,1
veuxtu,1
barrage,1
lesechosfrindustrieservic,1
cyrano,1
montgeron91,1
benoît,1
potier,1
liquide,1
vp,1
soirer,1
president,1
pcbaguet,1
bfeytit,1
témoignage,1
lest,1
newsafricanowcomcotedivoi,1
productif,1
conclusion,1
siphonner,1
centaine,1
mirage,1
retarder,1
changeorgpnonauprojetd,1
lexemplarité,1
minoritaire,1
ind,1
limportance,1
normand,1
mousseau,1
gouv,1
avantage,1
livre,1
blanc,1
laisson,1
gérer,1
démarch,1
labsurdité,1
bitly3brboxs,1
savezvous,1
alternative,1
leila,1
benali,1
accueillir,1
juillet,1
assemblée,1
onu,1
préside,1
davis,1
ogm,1
biologist,1
physicien,1
parlement,1
fructueux,1
adhésion,1
ledevoircomopinioneditori,1
émetteur,1
cri,1
lplapresse,1
extractivisme,1
étroite,1
considérable,1
dhydrogène,1
fine,1
bouche,1
issu,1
bitly3lj0lju,1
cygn,1
noir,1
sauveteur,1
lavantage,1
recarbonner,1
blagu,1
4gkwh,1
elpisr,1
installation,1
impacter,1
adapté,1
chancelier,1
socialdémocrat,1
moyenne,1
nécessitera,1
ambitieux,1
pseudo,1
sticker,1
pin,1
casquette,1
tshirt,1
plante,1
recyclable,1
pascaleroux,1
néter,1
fabriquer,1
bape,1
iciradiocanadacanouvell,1
i24businessclub,1
dir,1
moyenorient,1
sûr,1
qatar,1
lemirats,1
paraitraier,1
liby,1
irak,1
forumvert,1
focus,1
sorganisent,1
leblobfrvideosdesterre,1
maisonchimie,1
transitionnrg,1
assnat,1
félix,1
leg,1
globalinfosnetalaunemin,1
globalinfo,1
millionscest,1
vélo,1
nête,1
hauteur,1
aurys,1
wwwouestfrancefr,1
transformateur,1
aury,1
personneslinnovation,1
manch,1
bitly3ritrki,1
échec,1
assurément,1
ceairfu,1
brgmfr,1
amorcer,1
juststopoil,1
constructif,1
dadministration,1
entrepris,1
propreter,1
hervé,1
mercier,1
problématique,1
recrutement,1
mec,1
vient,1
lever,1
250k,1
1,1
résolution,1
échouer,1
tf1infofreconomietotalene,1
pakistan,1
t,1
fita2023,1
bâti,1
scolaire,1
sénat,1
touteducfrfrscolaireid2,1
french,1
utilitie,1
échangesrencontre,1
owlykbff50mlz4,1
tfe2rive,1
electricité,1
smartgrid,1
mai,1
tuni,1
tabcofficial,1
tshisekedi,1
energygovoearticlesnorth,1
absurde,1
biais,1
romande,1
immob,1
espérer,1
responsable,1
conseillezvous,1
dirai,1
avance,1
leffort,1
préparerai,1
lomc,1
sphèr,1
trad,1
technology,1
council,1
ttc,1
chambre,1
habitat,1
naerm,1
soucieux,1
documentaire,1
montr,1
enclencher,1
polluer,1
dangereux,1
homme,1
planète,1
définitif,1
épicentre,1
transitionsenergiescomeuro,1
tunisie,1
garantir,1
sécurité,1
radioexpressfmcomp115536,1
raisonnable,1
phras,1
honteux,1
procedur,1
penly,1
bpworld,1
ralentit,1
lieer,1
dexploiter,1
bfmtvcomeconomieentrepris,1
évidence,1
période,1
hybride,1
solidarité,1
capitalisation,1
adapter,1
darwin,1
energygoveereenergytran,1
modernisation,1
infrastructure,1
mat,1
echec,1
lhistorique,1
véhiculesélectrique,1
xde98xd83d,1
laboratoir,1
bauschlomb,1
renouvellement,1
annuel,1
zcuio62pt,1
fleet,1
maximum,1
commander,1
2de,1
1650mw,1
627gw,1
puissance,1
ppe,1
seaetporg,1
nam,1
viet,1
live,1
discusse,1
pilot,1
owlywmms50mibhk,1
polcan,1
torynowcomstreamkjdcg7ewi,1
mobilité,1
employé,1
tinyurlcom2bmybbcz,1
dame,1
parcequ,1
elue,1
lesvert,1
vivement,1
traversier,1
tramway,1
quebec,1
owly2h4y50mibhl,1
style,1
visioconférence,1
pognon,1
dingue,1
transitionécologiqu,1
lachèvement,1
détonner,1
photo,1
contemporain,1
m0,1
techniquement,1
déléguer,1
lesoutremer,1
jeanfrançois,1
carenco,1
recueillir,1
participant,1
svp,1
hydroquébec,1
mw,1
hydrogentodayinfoademehyd,1
crucial,1
nuke,1
pourrir,1
lenr,1
dassurer,1
politicien,1
criant,1
concertation,1
innovant,1
primordial,1
dhorizon,1
ffbatiment,1
ifpeb,1
planbatiment,1
humanitefrsciencesacademi,1
arenh,1
suppose,1
del,1
fioul,1
hyvolution,1
dévoiler,1
lauréat,1
écosystème,1
linstallation,1
chaudière,1
condensation,1
comedia,1
jusquen,1
dimpôts,1
cesser,1
pantomime,1
boursier,1
élec,1
zoe,1
lhistoir,1
bev,1
akhannouch,1
marocespagn,1
sanchez,1
genre,1
bougie,1
sansplomb,1
queue,1
dall,1
ten,1
pareil,1
gar,1
través,1
sanitaire,1
apparemment,1
busnes,1
agriculteur,1
12ème,1
aziz,1
antillamartiniquecomtribu,1
gouvernent,1
reverser,1
plf,1
mentir,1
assumer,1
aleclyon,1
écolier,1
adulte,1
collègu,1
robby,1
biwer,1
bettembourg,1
lsaplu,1
pescor,1
xdd34xd83d,1
chef,1
ravir,1
uechili,1
alimentaire,1
portail,1
particuliersengiefrmonpr,1
jagisavecengie,1
monprogrammepouragir,1
archi,1
enri,1
adosser,1
landivisiau,1
céder,1
accablante,1
sacrer,1
linflation,1
lensembl,1
tribun,1
ultramarine,1
outremer,1
engiepartfr,1
meurtheetmosell,1
reforestation,1
médiatique,1
portailiefrshort4259acc,1
jaurai,1
daller,1
lycé,1
fakenew,1
désintoxication,1
pipedvideowatchv4cqbpsvn,1
agir,1
réacteur,1
prospérer,1
bienêtre,1
paupérisation,1
frbusinessambepolognenuc,1
kiloact,1
coderr,1
boivin,1
unops,1
a31,1
invite,1
goodplanetinfo20230203l,1
chichement,1
supérieur,1
cracher,1
enrichir,1
naïf,1
lundi,1
étatsunis,1
robert,1
habeck,1
foutre,1
ursula,1
vonderleyen,1
lefigarofrconjonctureindu,1
mexiqu,1
sncf,1
weurseukom,1
transfrontalier,1
diexé,1
dey,1
dem,1
sinistre,1
conduire,1
atout,1
laprè,1
fukushima,1
chou,1
canardenchaine,1
rubrique,1
binette,1
meurthe,1
mosell,1
louverture,1
frontièr,1
philippecrevelfrtransition,1
héritier,1
teamperenco,1
provinc,1
négligeable,1
probablement,1
urgent,1
taire,1
nouritture,1
génie,1
metton,1
gosser,1
accent,1
méprise,1
cerveau,1
conjoint,1
asie,1
sudest,1
limpact,1
bordelais,1
compt,1
largent,1
léquivalent,1
detox,1
coke,1
fille,1
pablo,1
escobar,1
nyatil,1
âge,1
urger,1
conforter,1
régime,1
spécial,1
pauvreter,1
4ème,1
bou,1
dara,1
evolution,1
milliardaire,1
inexploiter,1
entraîner,1
wortlufrinternationallu,1
fmdidier,1
recevron,1
emmaducros,1
jchevalier,1
prefet67,1
visité,1
nogentsurseine,1
richesprometteurs,1
lavenir,1
perspective,1
territoir,1
missile,1
dimmense,1
patrimoine,1
menoussi,1
fautil,1
danny,1
roy,1
mba,1
franci,1
caouette,1
mathieu,1
ouellett,1
lnkdine5hjaaqs,1
peyrollesenprovenc,1
economie,1
peyrollesenprovence,1
sensibilis,1
maîtris,1
redire,1
denr,1
lettre,1
emmanuelmacron,1
exprimer,1
respect,1
naviguer,1
observer,1
franchement,1
yelen,1
wara,1
nopalou,1
bayil,1
ndem,1
xana,1
amolen,1
ki,1
yaller,1
mokofi,1
tek,1
mindef,1
nuage,1
pensezvous,1
ruine,1
qcn,1
opiner,1
xnfranaisxxaer,1
fneassofractualitesdebat,1
débarrasser,1
dixit,1
mcmarghem,1
souverain,1
qc,1
école,1
foyer,1
soin,1
durée,1
hôpital,1
route,1
dinguerie,1
qvema,1
gnd,1
alarmiste,1
resultant,1
penseur,1
anner,1
marina,1
blinda,1
imtrcoolzvhwlkosnl,1
libèrerer,1
conseilcommunautair,1
élire,1
accordent,1
lassociation,1
syperf95,1
dactivité,1
prédiagnostic,1
fier,1
sil,1
évoluer,1
approfondie,1
reniant,1
existant,1
quau,1
estime,1
lieven,1
kenis,1
intelligentenergy,1
digital4climate,1
sieag3mlak1,1
gramme,1
payent,1
prestation,1
tenir,1
chaud,1
professionnel,1
domain,1
mairier,1
wpdfrance,1
michel,1
progress,1
resolumentloiretcher,1
lpoirierdietz,1
sereinement,1
réaliste,1
coenove,1
frlinkedincompulsesoyon,1
connexe,1
efficacité,1
percevoir,1
concourir,1
fortement,1
acceptabilité,1
affectation,1
totalité,1
recette,1
bitly3rwyd2x,1
ligne,1
tank,1
canal,1
mayenn,1
vaste,1
energiesrenouvelable,1
photovoltaique,1
ambe,1
energynewsproambeslexempl,1
ofat,1
think,1
lerreur,1
lhorreur,1
sengage,1
michamargo,1
jason,1
sanier,1
linfrastructur,1
nécessit,1
data,1
comble,1
prospectif,1
jmjancovic,1
présentation,1
natbullard,1
démont,1
mod,1
centraliser,1
monter,1
nathanielbullardcompresent,1
courrierinternationalcomlo,1
raffiner,1
ko,1
waaa,1
dormir,1
billion,1
négliger,1
implantation,1
contrepointsorg20230213,1
charg,1
précarité,1
expression,1
atell,1
cesse,1
interroger,1
répandre,1
nucléocentrer,1
espagne,1
malvenu,1
grandement,1
frle360maeconomiequelro,1
rassurer,1
ong,1
fabriquant,1
femme,1
farfelu,1
destination,1
privé,1
série,1
wallbox,1
compteur,1
mid,1
wattsccomshopwallboxwall,1
suisse,1
echo,1
iftttlnrcm3,1
pologne,1
deurop,1
ďépend,1
fossileet,1
also,1
hasard,1
inflation,1
technologique,1
maffier,1
v,1
daction,1
led,1
graphe,1
jeter,1
dœil,1
signe,1
novethicfractualiteenergi,1
projecteur,1
20w,1
garder,1
wattsccomshopeclairagepr,1
face,1
interagir,1
baiss,1
belgique,1
déplacer,1
devratell,1
cler,1
excus,1
nord,1
contenir,1
adoption,1
unanimité,1
ces,1
trafic,1
ratp,1
lélectromobilité,1
aqua,1
superpower,1
limited,1
lafbe,1
francais,1
bateau,1
electriqu,1
nautism,1
vital,1
épuisement,1
moindre,1
franc,1
imtminesalbi,1
imauven,1
fondationmt,1
mozer,1
directrice,1
signer,1
chaire,1
denseignement,1
former,1
transitio,1
éducatif,1
lécoresponsabilité,1
jambe,1
voulonsnous,1
majorité,1
disp,1
lnkdindutyys6p,1
mr,1
anti,1
pronuke,1
paulneau,1
bonneuil,1
marne,1
haropaport,1
iledefrance,1
mouvement,1
logistique,1
urbain,1
polluant,1
exporter,1
apprenti,1
sorcier,1
lambassadeur,1
reid,1
dieu,1
plat,1
calme,1
activer,1
crisper,1
daffabulation,1
detournement,1
energétique,1
activement,1
établissement,1
performance,1
vecteur,1
substitution,1
cro,1
lnkdingyfeavj,1
tombe,1
hydrogéner,1
écolo,1
luquin,1
net,1
changemer,1
inscriptionbitly3yriskt,1
déchanges,1
datelier,1
marneetgondoire,1
crefondation,1
biodiversité,1
équilibrer,1
nettement,1
tranquille,1
globalement,1
évidemment,1
heurt,1
heurter,1
xddd0xd83e,1
metahodosfr20230213dep,1
lidolff,1
forummine,1
cycle,1
compétition,1
10h,1
conflit,1
armer,1
difficulter,1
pô,1
point,1
congrès,1
panafrican,1
justice,1
addisabeber,1
socialiste,1
vidéo,1
pipedvideowatchvgyy5cxrj,1
xdce3xd83da,1
rater,1
8h30,1
deurope,1
réglementaire,1
traîn,1
badr,1
refuser,1
dopérer,1
encombrer,1
lélectrochimie,1
puisquell,1
électrolyseur,1
pile,1
captureutilisation,1
wsjcomarticleselectrochem,1
hypocrisie,1
réellesc,1
usine,1
intermittent,1
atlanticofrarticledecrypt,1
internationalement,1
sappell,1
reparl,1
peser,1
bouleversement,1
ikken,1
lematinmaexpress2023tran,1
stephant,1
folie,1
ecolo,1
chiffre,1
raréfaction,1
massacre,1
dlvritsjqpgh,1
lavoisiered,1
thèse,1
linvasion,1
ajouter,1
causer,1
valorison,1
lanner,1
lenectarivorewordpresscom,1
définitivement,1
dambès,1
edfr,1
girond,1
pjlenr,1
cliqu,1
gauche,1
délocalisaient,1
limite,1
phoenix,1
contact,1
câbl,1
recharge,1
5,1
22kw,1
32a,1
daccueillir,1
daccélération,1
acfer,1
bruler,1
acfasc425,1
aboutir,1
lorsquell,1
btp,1
restauration,1
subitement,1
lr,1
tailler,1
gonfler,1
raconte,1
balade,1
thermographique,1
royan,1
aggloroyan,1
habitant,1
sac,1
wattsccomshopcablederec,1
reprendre,1
main,1
interdire,1
mesure,1
écohabitat,1
tesmaniancomblogstesmania,1
équiper,1
fournir,1
haut,1
qualité,1
discuter,1
poumon,1
amazonie,1
mondeselon,1
papeajoutezy,1
mio,1
dhabest,1
dpe,1
étiquette,1
louer,1
tête,1
lentreprise,1
solide,1
côter,1
enrs,1
bcp,1
administration,1
viser,1
limiter,1
sécuriser,1
annonc,1
combler,1
gatineau,1
piste,1
gratuit,1
acfasscsociale,1
uqam,1
bitly3qje3z2,1
paysdelaloir,1
mark,1
mills,1
physique,1
découverte,1
gisemer,1
estelle,1
jouentelle,1
rejoigneznou,1
twitch,1
twitchtvbriefscience,1
dlvritsj7qy8,1
sexciter,1
dur,1
boosté,1
par,1
rhubarbare,1
nantesmetropole,1
labfluensuqamcanouvelle,1
grdf,1
lamb,1
kakobaonyango,1
sg,1
fpcirgl,1
14,1
édition,1
dalternativ,1
capetowndont,1
justelibérer,1
participation,1
lorganisation,1
communauter,1
biomethane,1
biom,1
nante,1
cciparisidf,1
rt,1
industriefrance,1
j6,1
flad,1
gouvlu,1
lennemi,1
lauto,1
solo,1
jhamelredux,1
jefffillion,1
gerrypizza,1
radiopiratelive,1
fuyez,1
intégral,1
pipedvideo8mhpapoioner,1
ouvrir,1
lacceptabilité,1
détail,1
federation,1
collaboration,1
welfringjoell,1
importance,1
inscrivezvou,1
watchlist,1
ponctuel,1
modifier,1
marge,1
instant,1
distribution,1
monsieur,1
networking,1
clc,1
commerce,1
tabl,1
rond,1
provençal,1
rwanda,1
bref,1
ensemble,1
panneau,1
mono,1
310wc,1
qcells,1
wattsccomshoppanneauxsol,1
lintermittence,1
atmosphérique,1
imposture,1
ministresla,1
hauss,1
tarif,1
champion,1
doctrine,1
calibrer,1
dappoint,1
pic,1
qpeakg44,1
bancaire,1
négoc,1
vaut,1
positionner,1
parlonsen,1
volet,1
wow,1
bin,1
confirmerrassurer,1
vain,1
contraire,1
option,1
lyon,1
mans,1
3h,1
apparement,1
considère,1
europenne,1
bois,1
complément,1
pac,1
pris,1
linster,1
looney,1
pensent,1
big,1
oil,1
principalement,1
charlie,1
penner,1
spéculatif,1
engine,1
remporter,1
militant,1
exxon,1
également,1
mitiger,1
liberationfreconomieagne,1
étouffé,1
mineur,1
lassemblé,1
censer,1
opportuniter,1
incroyable,1
tax,1
ahahahahahahahahahahahahaher,1
informer,1
corse,1
part,1
exclure,1
prévaut,1
konbini,1
famill,1
perrodo,1
posséder,1
lualaba,1
microsoft,1
poncif,1
particule,1
lepointfrenvironnementl,1
alerter,1
stocker,1
eau,1
dégrad,1
pleinement,1
ouestfrancefrbretagnedin,1
graphique,1
hgrossouvre,1
jpo,1
aszulman,1
ajmougin,1
ahh,1
plastique,1
polymère,1
mort,1
gêner,1
bordel,1
silence,1
habituel,1
escrologist,1
vendeus,1
pensai,1
tomber,1
pragmatique,1
regardant,1
eri,1
hydro,1
défit,1
viable,1
dogmatisme,1
vivron,1
dc,1
lademe,1
court,1
échanger,1
adjoint,1
mairie,1
theobjectivecomeconomia20,1
anglais,1
shell,1
pleurer,1
lheur,1
futurstratégique,1
lithiumle,1
coltanla,1
cassitérite,1
wolframitequ,1
retrouver,1
illimitée,1
province,1
tanganyika,1
pr05,1
portugal,1
conclure,1
négociation,1
pupponi,1
grenobl,1
marinetondelier,1
deureetloir,1
lechorepublicainfrchartre,1
1001rsscomlesvraiesvoix,1
bilger,1
renaître,1
ibérique,1
charler,1
auteur,1
commandement,1
presse,1
miracle,1
lexception,1
fer,1
