index,Niveau de popularité
Politiques environnementales et écologiques du gouvernement français,1273
Soutien et financement de projets écologiques,736
Énergie et économie vers une société écologique,347
Agricultures et politiques environnementales,290
Collectivités territoriales et développement durable,284
Écologie et construction de bâtiments durables,244
Emploi et industrie écologique,209
Services publics et transition écologique,183
Économie et écologie : enjeux et perspectives,141
Politiques écologiques du président Emmanuel Macron,137
Réformes écologiques et environnementales en France,130
Évolution de l'écologie et de l'environnement dans le temps,117
Santé et développement durable,92
Entreprises et transition écologique,60
Lutte contre le changement climatique et les émissions de gaz à effet de serre,50
