Thème Écologique,Niveau de controverse
Politiques environnementales et écologiques du gouvernement français,8269
Soutien et financement de projets écologiques,2545
Énergie et économie vers une société écologique,1565
Collectivités territoriales et développement durable,1085
Agricultures et politiques environnementales,935
Écologie et construction de bâtiments durables,915
Emploi et industrie écologique,774
Évolution de l'écologie et de l'environnement dans le temps,584
Santé et développement durable,405
Réformes écologiques et environnementales en France,386
Services publics et transition écologique,312
Politiques écologiques du président Emmanuel Macron,262
Économie et écologie : enjeux et perspectives,251
Entreprises et transition écologique,172
Lutte contre le changement climatique et les émissions de gaz à effet de serre,57
