,USER_ID,DATE_TIME,USERNAME,TWEET_TEXT,NUMBER_OF_RETWEET
0,1541011365246156801,2022-06-26 10:51:54+00:00,marco7964757463,@Reine_Margot2 @f_philippot si ce n'est √©tait que pour les √©nergie......,0
1,1541011361437831168,2022-06-26 10:51:53+00:00,CarolineLavi14,et voil√† ! #electricit√© #Fessenheim #Engie #Macron #Melenchon Les √©colos fran√ßais sont des criminels √† trainer devant les tribunaux ils ont tu√© la Nature avec les √©oliennes et le climat. d√©gout√©e. https://t.co/QU4KZPj9eS,0
2,1541011353594433537,2022-06-26 10:51:51+00:00,Meeea,"RT @Chlowski: Quand le vent du fascisme se met √† souffler, certains mettent vraiment pas longtemps √† se d√©couvrir une vocation d'√©olienne",26
3,1541011342261469184,2022-06-26 10:51:49+00:00,Eric_vds,"RT @BlipetBlop: Pascal Canfin ""heureusement que l'√©cologie ne se r√©sume pas aux 4% d'EELV"". J'ajouterai que tant que ce parti aura des pers‚Ä¶",62
4,1541011339136712714,2022-06-26 10:51:48+00:00,Bertrand_Cli,"@mauzemontole Ok. 
Je comprends mieux
Donc pour faire √† manger et peut-√™tre pour la douche ?

Moi tout √©lectricit√© j arrive pas a descendre en dessous de 6kw / jour √ßa fait 170kw / mois",0
5,1541011333235236864,2022-06-26 10:51:47+00:00,anichooyz,@platon1515 @GKPlugInBaby On a pas tous eu cette chance d‚Äôhabiter √† 10 mn du boulot comme l‚Äôessentiel des boomers. Faire 1h30 aller-retour de transport soit 7h30 par semaine c‚Äôest la r√®gle (Et certains font bien plus)! Pourquoi ces heures l√† on n‚Äôen tient jamais compte?!,0
6,1541011311211040769,2022-06-26 10:51:41+00:00,Northguy_2,"RT @BusinessBourse: Voici un aper√ßu de l'√©t√© !... Coupures d'√©lectricit√©, hausse des prix du carburant, rationnement du gaz naturel en Euro‚Ä¶",7
7,1541011310657372160,2022-06-26 10:51:41+00:00,abavala,Ma√Ætriser l‚Äô√©nergie dans l‚Äôhabitat: les aides - https://t.co/sZv2ZVMPFj via @abavala https://t.co/7P3CzMiw7R,0
8,1541011295310422017,2022-06-26 10:51:38+00:00,100156GV,"RT @LCI: üëâ Une hausse du prix de l'√©nergie ?

üó£Ô∏è @Francois_Ruffin 
""Il faut consommer moins d'√©nergie. Les patrons de Total Energies, EDF e‚Ä¶",7
9,1541011294643421185,2022-06-26 10:51:37+00:00,christopheviton,"RT @leJDD: TRIBUNE. ¬´ Le prix de l‚Äô√©nergie menace notre coh√©sion ¬ª, par les patrons d'Engie, EDF et TotalEnergies https://t.co/3wnnHF2hek h‚Ä¶",8
