Thème,Pourcentage
Développement de la production d'énergie et réglementations européennes,1068
Enjeux du nucléaire et besoin de réduction d'énergie,43
Enjeux énergétiques mondiaux et financement de la transition,57
Plan d'investissement industriel,341
Projet d'énergie durable et politiques gouvernementales,83
Transition énergétique et politique gouvernementale,96
Économie française et recherche en énergie.,61
Émissions de CO2 et transition énergétique,79
"Énergie solaire et éolienne, politiques et réglementations",101
Énergies renouvelables et croissance économique,220
